instance_id,image_id,axis,source,chart_type,predicted_chart_type,score
000b92c3b098_x,000b92c3b098,x,extracted,line,line,1.0
000b92c3b098_y,000b92c3b098,y,extracted,line,line,0.7949982440774597
007a18eb4e09_x,007a18eb4e09,x,extracted,line,line,1.0
007a18eb4e09_y,007a18eb4e09,y,extracted,line,line,0.0
00dcf883a459_x,00dcf883a459,x,extracted,vertical_bar,vertical_bar,1.0
00dcf883a459_y,00dcf883a459,y,extracted,vertical_bar,vertical_bar,0.0
00f5404753cf_x,00f5404753cf,x,extracted,scatter,scatter,0.0
00f5404753cf_y,00f5404753cf,y,extracted,scatter,scatter,0.0
01b45b831589_x,01b45b831589,x,extracted,vertical_bar,vertical_bar,0.0
01b45b831589_y,01b45b831589,y,extracted,vertical_bar,vertical_bar,0.0008067169887739922
01b655fbe28a_x,01b655fbe28a,x,extracted,line,line,1.0
01b655fbe28a_y,01b655fbe28a,y,extracted,line,line,0.3217592619433438
01be96496478_x,01be96496478,x,extracted,vertical_bar,vertical_bar,0.9651304218833094
01be96496478_y,01be96496478,y,extracted,vertical_bar,vertical_bar,0.5201464428227136
02afb186f19a_x,02afb186f19a,x,extracted,line,line,1.0
02afb186f19a_y,02afb186f19a,y,extracted,line,line,0.9060320481734025
02f76c3816a0_x,02f76c3816a0,x,extracted,vertical_bar,vertical_bar,1.0
02f76c3816a0_y,02f76c3816a0,y,extracted,vertical_bar,vertical_bar,0.027481001869153587
034fa10992d2_x,034fa10992d2,x,extracted,scatter,scatter,0.0
034fa10992d2_y,034fa10992d2,y,extracted,scatter,scatter,0.0
039d3e82ebaf_x,039d3e82ebaf,x,extracted,scatter,scatter,0.0
039d3e82ebaf_y,039d3e82ebaf,y,extracted,scatter,scatter,0.4446022089525232
03abc1b29c7b_x,03abc1b29c7b,x,extracted,vertical_bar,vertical_bar,0.0
03abc1b29c7b_y,03abc1b29c7b,y,extracted,vertical_bar,vertical_bar,0.0
05d596662793_x,05d596662793,x,extracted,line,line,0.0
05d596662793_y,05d596662793,y,extracted,line,line,0.0
05da611a57cd_x,05da611a57cd,x,extracted,line,line,1.0
05da611a57cd_y,05da611a57cd,y,extracted,line,line,1.0
05e46285cb02_x,05e46285cb02,x,extracted,line,line,1.0
05e46285cb02_y,05e46285cb02,y,extracted,line,line,0.958187340148505
0614d9828b5c_x,0614d9828b5c,x,extracted,vertical_bar,vertical_bar,0.959481654806245
0614d9828b5c_y,0614d9828b5c,y,extracted,vertical_bar,vertical_bar,1.0
06b0dcada103_x,06b0dcada103,x,extracted,scatter,scatter,0.0
06b0dcada103_y,06b0dcada103,y,extracted,scatter,scatter,0.0
06c7b52ddf30_x,06c7b52ddf30,x,extracted,vertical_bar,vertical_bar,0.9772766395623262
06c7b52ddf30_y,06c7b52ddf30,y,extracted,vertical_bar,vertical_bar,1.0
070fab0a5cbb_x,070fab0a5cbb,x,extracted,vertical_bar,vertical_bar,1.0
070fab0a5cbb_y,070fab0a5cbb,y,extracted,vertical_bar,vertical_bar,0.0
0729ca4ed74d_x,0729ca4ed74d,x,extracted,vertical_bar,vertical_bar,0.9459985302690472
0729ca4ed74d_y,0729ca4ed74d,y,extracted,vertical_bar,vertical_bar,0.0513030224199309
0744d307a645_x,0744d307a645,x,extracted,line,line,1.0
0744d307a645_y,0744d307a645,y,extracted,line,line,0.7861741577751289
07830ddd0a42_x,07830ddd0a42,x,extracted,vertical_bar,vertical_bar,1.0
07830ddd0a42_y,07830ddd0a42,y,extracted,vertical_bar,vertical_bar,0.9791515800168586
07c882b97e67_x,07c882b97e67,x,extracted,scatter,scatter,0.0
07c882b97e67_y,07c882b97e67,y,extracted,scatter,scatter,0.0
080833215935_x,080833215935,x,extracted,vertical_bar,vertical_bar,0.7493581577012227
080833215935_y,080833215935,y,extracted,vertical_bar,vertical_bar,0.9073261636090022
08254b843a2e_x,08254b843a2e,x,extracted,line,line,1.0
08254b843a2e_y,08254b843a2e,y,extracted,line,line,0.8651893327577065
093d650c7539_x,093d650c7539,x,extracted,vertical_bar,vertical_bar,1.0
093d650c7539_y,093d650c7539,y,extracted,vertical_bar,vertical_bar,1.0
095ff057d971_x,095ff057d971,x,extracted,line,line,0.0
095ff057d971_y,095ff057d971,y,extracted,line,line,0.0
09874dc0e2fe_x,09874dc0e2fe,x,extracted,horizontal_bar,horizontal_bar,0.0
09874dc0e2fe_y,09874dc0e2fe,y,extracted,horizontal_bar,horizontal_bar,0.9916668595625429
09bb67db1ef1_x,09bb67db1ef1,x,extracted,line,line,1.0
09bb67db1ef1_y,09bb67db1ef1,y,extracted,line,line,0.8602841307166191
09e7a6845021_x,09e7a6845021,x,extracted,vertical_bar,vertical_bar,1.0
09e7a6845021_y,09e7a6845021,y,extracted,vertical_bar,vertical_bar,0.3388758147058446
0a14bb795a27_x,0a14bb795a27,x,extracted,line,line,1.0
0a14bb795a27_y,0a14bb795a27,y,extracted,line,line,0.9802035502598341
0a2a659c989b_x,0a2a659c989b,x,extracted,scatter,scatter,0.8974385254011175
0a2a659c989b_y,0a2a659c989b,y,extracted,scatter,scatter,0.0
0a52771756ec_x,0a52771756ec,x,extracted,line,line,1.0
0a52771756ec_y,0a52771756ec,y,extracted,line,line,0.4524707435297648
0a9fb4ed3a7e_x,0a9fb4ed3a7e,x,extracted,vertical_bar,vertical_bar,0.892311098468753
0a9fb4ed3a7e_y,0a9fb4ed3a7e,y,extracted,vertical_bar,vertical_bar,0.9847973868206561
0aa21c0d8302_x,0aa21c0d8302,x,extracted,vertical_bar,vertical_bar,0.8629370711188675
0aa21c0d8302_y,0aa21c0d8302,y,extracted,vertical_bar,vertical_bar,0.9747292084192583
0aa32df8e169_x,0aa32df8e169,x,extracted,line,line,0.9838723662291082
0aa32df8e169_y,0aa32df8e169,y,extracted,line,line,0.1870862538927991
0b491a15a181_x,0b491a15a181,x,extracted,line,line,1.0
0b491a15a181_y,0b491a15a181,y,extracted,line,line,0.0
0b507ccf1a99_x,0b507ccf1a99,x,extracted,horizontal_bar,vertical_bar,0.0
0b507ccf1a99_y,0b507ccf1a99,y,extracted,horizontal_bar,vertical_bar,0.0
0b533907be09_x,0b533907be09,x,extracted,line,line,0.0
0b533907be09_y,0b533907be09,y,extracted,line,line,0.0
0c0d34168eae_x,0c0d34168eae,x,extracted,vertical_bar,vertical_bar,1.0
0c0d34168eae_y,0c0d34168eae,y,extracted,vertical_bar,vertical_bar,0.9971398655430896
0c240c3d7f65_x,0c240c3d7f65,x,extracted,line,line,1.0
0c240c3d7f65_y,0c240c3d7f65,y,extracted,line,line,0.47487385039210084
0c4cdc7fb078_x,0c4cdc7fb078,x,extracted,line,line,1.0
0c4cdc7fb078_y,0c4cdc7fb078,y,extracted,line,line,0.054106192421785826
0ccb2bf2bafd_x,0ccb2bf2bafd,x,extracted,scatter,scatter,0.0
0ccb2bf2bafd_y,0ccb2bf2bafd,y,extracted,scatter,scatter,0.0
0d2a7c7b356d_x,0d2a7c7b356d,x,extracted,line,line,1.0
0d2a7c7b356d_y,0d2a7c7b356d,y,extracted,line,line,0.848229816428147
0d9095d4c7d6_x,0d9095d4c7d6,x,extracted,vertical_bar,vertical_bar,1.0
0d9095d4c7d6_y,0d9095d4c7d6,y,extracted,vertical_bar,vertical_bar,1.0
0d90f922e80b_x,0d90f922e80b,x,extracted,horizontal_bar,horizontal_bar,0.0
0d90f922e80b_y,0d90f922e80b,y,extracted,horizontal_bar,horizontal_bar,0.0
0db1f0461622_x,0db1f0461622,x,extracted,line,line,1.0
0db1f0461622_y,0db1f0461622,y,extracted,line,line,0.0
0ddf602b3301_x,0ddf602b3301,x,extracted,vertical_bar,vertical_bar,1.0
0ddf602b3301_y,0ddf602b3301,y,extracted,vertical_bar,vertical_bar,0.41194558230113154
0df1338d2df7_x,0df1338d2df7,x,extracted,line,line,0.0
0df1338d2df7_y,0df1338d2df7,y,extracted,line,line,0.0
0df40f602130_x,0df40f602130,x,extracted,scatter,scatter,0.0
0df40f602130_y,0df40f602130,y,extracted,scatter,scatter,0.0
0e46c988beac_x,0e46c988beac,x,extracted,vertical_bar,vertical_bar,1.0
0e46c988beac_y,0e46c988beac,y,extracted,vertical_bar,vertical_bar,0.6143651379873973
0e5b736215bb_x,0e5b736215bb,x,extracted,vertical_bar,vertical_bar,1.0
0e5b736215bb_y,0e5b736215bb,y,extracted,vertical_bar,vertical_bar,0.9622683365801357
0e6f426a6bb9_x,0e6f426a6bb9,x,extracted,vertical_bar,vertical_bar,1.0
0e6f426a6bb9_y,0e6f426a6bb9,y,extracted,vertical_bar,vertical_bar,0.9281073566284339
0eab2eb6e5b5_x,0eab2eb6e5b5,x,extracted,line,line,1.0
0eab2eb6e5b5_y,0eab2eb6e5b5,y,extracted,line,line,0.0
0f44faf6c099_x,0f44faf6c099,x,extracted,line,line,1.0
0f44faf6c099_y,0f44faf6c099,y,extracted,line,line,0.8293668819420583
0f930868a92f_x,0f930868a92f,x,extracted,scatter,scatter,0.0
0f930868a92f_y,0f930868a92f,y,extracted,scatter,scatter,0.0
0fbf7007f12f_x,0fbf7007f12f,x,extracted,vertical_bar,vertical_bar,0.9907410053424137
0fbf7007f12f_y,0fbf7007f12f,y,extracted,vertical_bar,vertical_bar,0.6651767920925882
1017e4325c68_x,1017e4325c68,x,extracted,line,line,1.0
1017e4325c68_y,1017e4325c68,y,extracted,line,line,0.9403901520926934
103e998b062a_x,103e998b062a,x,extracted,line,line,1.0
103e998b062a_y,103e998b062a,y,extracted,line,line,1.0
10c1640c5879_x,10c1640c5879,x,extracted,vertical_bar,vertical_bar,1.0
10c1640c5879_y,10c1640c5879,y,extracted,vertical_bar,vertical_bar,1.0
10ccce7064f0_x,10ccce7064f0,x,extracted,line,line,1.0
10ccce7064f0_y,10ccce7064f0,y,extracted,line,line,0.0
10ee1d6491d4_x,10ee1d6491d4,x,extracted,vertical_bar,vertical_bar,1.0
10ee1d6491d4_y,10ee1d6491d4,y,extracted,vertical_bar,vertical_bar,0.9499164682703145
110bda05bada_x,110bda05bada,x,extracted,scatter,scatter,1.0
110bda05bada_y,110bda05bada,y,extracted,scatter,scatter,0.0
1133cd0c9c06_x,1133cd0c9c06,x,extracted,vertical_bar,vertical_bar,1.0
1133cd0c9c06_y,1133cd0c9c06,y,extracted,vertical_bar,vertical_bar,0.0
11376f3d0424_x,11376f3d0424,x,extracted,line,line,1.0
11376f3d0424_y,11376f3d0424,y,extracted,line,line,0.8349458894390109
11dd7556f525_x,11dd7556f525,x,extracted,vertical_bar,vertical_bar,0.0
11dd7556f525_y,11dd7556f525,y,extracted,vertical_bar,vertical_bar,0.0
12349208df93_x,12349208df93,x,extracted,line,line,0.0
12349208df93_y,12349208df93,y,extracted,line,line,0.0
12456e4a2857_x,12456e4a2857,x,extracted,vertical_bar,vertical_bar,1.0
12456e4a2857_y,12456e4a2857,y,extracted,vertical_bar,vertical_bar,0.6985103664103101
1292ecd150f4_x,1292ecd150f4,x,extracted,vertical_bar,vertical_bar,0.0
1292ecd150f4_y,1292ecd150f4,y,extracted,vertical_bar,vertical_bar,0.9827440842087891
1293b05adf05_x,1293b05adf05,x,extracted,line,line,1.0
1293b05adf05_y,1293b05adf05,y,extracted,line,line,0.9510102145618546
12e0cc9d2ec8_x,12e0cc9d2ec8,x,extracted,vertical_bar,vertical_bar,1.0
12e0cc9d2ec8_y,12e0cc9d2ec8,y,extracted,vertical_bar,vertical_bar,0.9759377487095677
133003ec5f4a_x,133003ec5f4a,x,extracted,horizontal_bar,horizontal_bar,0.0
133003ec5f4a_y,133003ec5f4a,y,extracted,horizontal_bar,horizontal_bar,0.0
13a14c58a1d9_x,13a14c58a1d9,x,extracted,horizontal_bar,vertical_bar,0.0
13a14c58a1d9_y,13a14c58a1d9,y,extracted,horizontal_bar,vertical_bar,0.0
13eff4365d13_x,13eff4365d13,x,extracted,vertical_bar,vertical_bar,0.0
13eff4365d13_y,13eff4365d13,y,extracted,vertical_bar,vertical_bar,0.0
14059844edda_x,14059844edda,x,extracted,scatter,scatter,0.0
14059844edda_y,14059844edda,y,extracted,scatter,scatter,0.0
14326ff29e37_x,14326ff29e37,x,extracted,line,line,1.0
14326ff29e37_y,14326ff29e37,y,extracted,line,line,0.5734798076394059
150bda2d06ba_x,150bda2d06ba,x,extracted,horizontal_bar,vertical_bar,0.0
150bda2d06ba_y,150bda2d06ba,y,extracted,horizontal_bar,vertical_bar,0.0
151d4f714853_x,151d4f714853,x,extracted,vertical_bar,vertical_bar,1.0
151d4f714853_y,151d4f714853,y,extracted,vertical_bar,vertical_bar,0.9924543554495122
1568bb3dff78_x,1568bb3dff78,x,extracted,vertical_bar,vertical_bar,1.0
1568bb3dff78_y,1568bb3dff78,y,extracted,vertical_bar,vertical_bar,0.9902701572086949
157d1028b7b2_x,157d1028b7b2,x,extracted,horizontal_bar,horizontal_bar,0.0
157d1028b7b2_y,157d1028b7b2,y,extracted,horizontal_bar,horizontal_bar,0.0
1588a9e01bc9_x,1588a9e01bc9,x,extracted,vertical_bar,vertical_bar,1.0
1588a9e01bc9_y,1588a9e01bc9,y,extracted,vertical_bar,vertical_bar,0.9913685642053343
15951fbbe751_x,15951fbbe751,x,extracted,horizontal_bar,horizontal_bar,0.0
15951fbbe751_y,15951fbbe751,y,extracted,horizontal_bar,horizontal_bar,1.0
15eb431b4c61_x,15eb431b4c61,x,extracted,scatter,scatter,0.0
15eb431b4c61_y,15eb431b4c61,y,extracted,scatter,scatter,0.0
167dec377748_x,167dec377748,x,extracted,vertical_bar,vertical_bar,1.0
167dec377748_y,167dec377748,y,extracted,vertical_bar,vertical_bar,0.9932118862558585
17000b60f53e_x,17000b60f53e,x,extracted,scatter,scatter,0.0
17000b60f53e_y,17000b60f53e,y,extracted,scatter,scatter,0.0
171f88b0fa6d_x,171f88b0fa6d,x,extracted,vertical_bar,vertical_bar,1.0
171f88b0fa6d_y,171f88b0fa6d,y,extracted,vertical_bar,vertical_bar,0.9192432224963063
173526fcff49_x,173526fcff49,x,extracted,horizontal_bar,horizontal_bar,0.5098115354944577
173526fcff49_y,173526fcff49,y,extracted,horizontal_bar,horizontal_bar,0.9977973603903285
17612fef055d_x,17612fef055d,x,extracted,line,line,0.0
17612fef055d_y,17612fef055d,y,extracted,line,line,0.0
177475e95aa4_x,177475e95aa4,x,extracted,vertical_bar,vertical_bar,0.9535218831188681
177475e95aa4_y,177475e95aa4,y,extracted,vertical_bar,vertical_bar,0.9861320493845767
17adf17383bf_x,17adf17383bf,x,extracted,vertical_bar,vertical_bar,1.0
17adf17383bf_y,17adf17383bf,y,extracted,vertical_bar,vertical_bar,0.9132723396331068
17e557294438_x,17e557294438,x,extracted,vertical_bar,vertical_bar,0.9400718964708565
17e557294438_y,17e557294438,y,extracted,vertical_bar,vertical_bar,0.9681198858610889
18421d1954a7_x,18421d1954a7,x,extracted,vertical_bar,vertical_bar,0.0
18421d1954a7_y,18421d1954a7,y,extracted,vertical_bar,vertical_bar,0.9681532119515457
1844f84cf46d_x,1844f84cf46d,x,extracted,scatter,scatter,0.0
1844f84cf46d_y,1844f84cf46d,y,extracted,scatter,scatter,0.9845126087187148
19179172b666_x,19179172b666,x,extracted,scatter,scatter,0.0
19179172b666_y,19179172b666,y,extracted,scatter,scatter,0.0
1921ae3b6c33_x,1921ae3b6c33,x,extracted,scatter,scatter,0.8576409737201034
1921ae3b6c33_y,1921ae3b6c33,y,extracted,scatter,scatter,0.0
196e1da0fe27_x,196e1da0fe27,x,extracted,vertical_bar,vertical_bar,1.0
196e1da0fe27_y,196e1da0fe27,y,extracted,vertical_bar,vertical_bar,0.9936011565792091
197c134f3a19_x,197c134f3a19,x,extracted,line,line,1.0
197c134f3a19_y,197c134f3a19,y,extracted,line,line,0.0
19cef86ee374_x,19cef86ee374,x,extracted,vertical_bar,vertical_bar,1.0
19cef86ee374_y,19cef86ee374,y,extracted,vertical_bar,vertical_bar,0.9687023889857722
19d7be762662_x,19d7be762662,x,extracted,line,line,1.0
19d7be762662_y,19d7be762662,y,extracted,line,line,0.0
19da5634e48c_x,19da5634e48c,x,extracted,line,line,0.9926471913347421
19da5634e48c_y,19da5634e48c,y,extracted,line,line,0.0
19fc8a03ae29_x,19fc8a03ae29,x,extracted,line,line,0.0
19fc8a03ae29_y,19fc8a03ae29,y,extracted,line,line,0.0
1a3f1840a547_x,1a3f1840a547,x,extracted,line,line,1.0
1a3f1840a547_y,1a3f1840a547,y,extracted,line,line,0.0
1a612638c6c7_x,1a612638c6c7,x,extracted,scatter,scatter,0.0
1a612638c6c7_y,1a612638c6c7,y,extracted,scatter,scatter,0.0
1ab7f626447d_x,1ab7f626447d,x,extracted,scatter,scatter,0.0
1ab7f626447d_y,1ab7f626447d,y,extracted,scatter,scatter,0.0
1ad5023e987c_x,1ad5023e987c,x,extracted,line,line,0.0
1ad5023e987c_y,1ad5023e987c,y,extracted,line,line,0.0
1aff82c28773_x,1aff82c28773,x,extracted,line,line,1.0
1aff82c28773_y,1aff82c28773,y,extracted,line,line,0.9922849855769709
1b24827763f3_x,1b24827763f3,x,extracted,vertical_bar,vertical_bar,1.0
1b24827763f3_y,1b24827763f3,y,extracted,vertical_bar,vertical_bar,0.9765626455639944
1b8b95dc28e3_x,1b8b95dc28e3,x,extracted,vertical_bar,vertical_bar,0.8974209074528692
1b8b95dc28e3_y,1b8b95dc28e3,y,extracted,vertical_bar,vertical_bar,0.7236187939055676
1ba0ef1ae0ca_x,1ba0ef1ae0ca,x,extracted,vertical_bar,vertical_bar,1.0
1ba0ef1ae0ca_y,1ba0ef1ae0ca,y,extracted,vertical_bar,vertical_bar,0.0
1ba880ce861b_x,1ba880ce861b,x,extracted,vertical_bar,vertical_bar,0.8581068062330675
1ba880ce861b_y,1ba880ce861b,y,extracted,vertical_bar,vertical_bar,0.971579312185473
1bd01b1c40d8_x,1bd01b1c40d8,x,extracted,horizontal_bar,horizontal_bar,0.0
1bd01b1c40d8_y,1bd01b1c40d8,y,extracted,horizontal_bar,horizontal_bar,1.0
1bd8fa4655f0_x,1bd8fa4655f0,x,extracted,horizontal_bar,horizontal_bar,0.0
1bd8fa4655f0_y,1bd8fa4655f0,y,extracted,horizontal_bar,horizontal_bar,0.0
1c4ed99aaff2_x,1c4ed99aaff2,x,extracted,line,line,1.0
1c4ed99aaff2_y,1c4ed99aaff2,y,extracted,line,line,0.9739482318619395
1c91bc78195b_x,1c91bc78195b,x,extracted,scatter,scatter,1.0
1c91bc78195b_y,1c91bc78195b,y,extracted,scatter,scatter,1.0
1d2e0671a0b0_x,1d2e0671a0b0,x,extracted,line,line,1.0
1d2e0671a0b0_y,1d2e0671a0b0,y,extracted,line,line,0.19556213741045858
1d3863dfa7c5_x,1d3863dfa7c5,x,extracted,vertical_bar,vertical_bar,0.6183745657515318
1d3863dfa7c5_y,1d3863dfa7c5,y,extracted,vertical_bar,vertical_bar,0.9745868469214156
1d9a8fda551a_x,1d9a8fda551a,x,extracted,line,line,1.0
1d9a8fda551a_y,1d9a8fda551a,y,extracted,line,line,0.0
1e0f1d003fdb_x,1e0f1d003fdb,x,extracted,scatter,scatter,0.0
1e0f1d003fdb_y,1e0f1d003fdb,y,extracted,scatter,scatter,0.0
1e44b49c5d61_x,1e44b49c5d61,x,extracted,vertical_bar,vertical_bar,0.0
1e44b49c5d61_y,1e44b49c5d61,y,extracted,vertical_bar,vertical_bar,0.0
1e9f5e7caae3_x,1e9f5e7caae3,x,extracted,line,line,1.0
1e9f5e7caae3_y,1e9f5e7caae3,y,extracted,line,line,0.5628777821902884
1ed0cf06fd8a_x,1ed0cf06fd8a,x,extracted,line,line,1.0
1ed0cf06fd8a_y,1ed0cf06fd8a,y,extracted,line,line,0.9213746122732336
1ef856a36143_x,1ef856a36143,x,extracted,vertical_bar,vertical_bar,1.0
1ef856a36143_y,1ef856a36143,y,extracted,vertical_bar,vertical_bar,0.9893474171801635
1f0ce7d70104_x,1f0ce7d70104,x,extracted,scatter,scatter,0.0
1f0ce7d70104_y,1f0ce7d70104,y,extracted,scatter,scatter,0.0
1f7473bf7a1a_x,1f7473bf7a1a,x,extracted,vertical_bar,vertical_bar,1.0
1f7473bf7a1a_y,1f7473bf7a1a,y,extracted,vertical_bar,vertical_bar,0.00029977099721301137
1f7d3d05c3fb_x,1f7d3d05c3fb,x,extracted,line,line,1.0
1f7d3d05c3fb_y,1f7d3d05c3fb,y,extracted,line,line,0.9528886088003223
1f8f3528a4b7_x,1f8f3528a4b7,x,extracted,line,line,0.0
1f8f3528a4b7_y,1f8f3528a4b7,y,extracted,line,line,0.0
1fed181b226d_x,1fed181b226d,x,extracted,line,line,1.0
1fed181b226d_y,1fed181b226d,y,extracted,line,line,0.0
2002af1b29b9_x,2002af1b29b9,x,extracted,vertical_bar,vertical_bar,0.0
2002af1b29b9_y,2002af1b29b9,y,extracted,vertical_bar,vertical_bar,0.24629121976253843
20313f8f9a29_x,20313f8f9a29,x,extracted,line,line,1.0
20313f8f9a29_y,20313f8f9a29,y,extracted,line,line,0.9182378088305776
205110c76740_x,205110c76740,x,extracted,vertical_bar,vertical_bar,1.0
205110c76740_y,205110c76740,y,extracted,vertical_bar,vertical_bar,0.0
2062854b932f_x,2062854b932f,x,extracted,line,line,0.0
2062854b932f_y,2062854b932f,y,extracted,line,line,0.9154847187838555
20802c1167ab_x,20802c1167ab,x,extracted,vertical_bar,vertical_bar,1.0
20802c1167ab_y,20802c1167ab,y,extracted,vertical_bar,vertical_bar,0.9802965363115375
20a9d3e0d984_x,20a9d3e0d984,x,extracted,scatter,scatter,0.0
20a9d3e0d984_y,20a9d3e0d984,y,extracted,scatter,scatter,0.0
21124255238c_x,21124255238c,x,extracted,vertical_bar,vertical_bar,0.9943182429595474
21124255238c_y,21124255238c,y,extracted,vertical_bar,vertical_bar,0.9750502375451351
215f46970ebe_x,215f46970ebe,x,extracted,scatter,scatter,0.0
215f46970ebe_y,215f46970ebe,y,extracted,scatter,scatter,0.0
220436d228aa_x,220436d228aa,x,extracted,scatter,scatter,0.9952844892571071
220436d228aa_y,220436d228aa,y,extracted,scatter,scatter,0.9509711309508464
22179f3f0fc2_x,22179f3f0fc2,x,extracted,vertical_bar,vertical_bar,1.0
22179f3f0fc2_y,22179f3f0fc2,y,extracted,vertical_bar,vertical_bar,0.0
229297ef10b8_x,229297ef10b8,x,extracted,line,line,1.0
229297ef10b8_y,229297ef10b8,y,extracted,line,line,0.9682606326432788
229d3abb4935_x,229d3abb4935,x,extracted,line,line,0.0
229d3abb4935_y,229d3abb4935,y,extracted,line,line,0.0
22a3eae32699_x,22a3eae32699,x,extracted,vertical_bar,vertical_bar,1.0
22a3eae32699_y,22a3eae32699,y,extracted,vertical_bar,vertical_bar,1.0
22a9db1cad0c_x,22a9db1cad0c,x,extracted,line,line,0.0
22a9db1cad0c_y,22a9db1cad0c,y,extracted,line,line,0.0
22decba7318f_x,22decba7318f,x,extracted,scatter,scatter,0.0
22decba7318f_y,22decba7318f,y,extracted,scatter,scatter,0.0
23bed256778c_x,23bed256778c,x,extracted,line,line,1.0
23bed256778c_y,23bed256778c,y,extracted,line,line,0.970957542504608
241b5d921b2f_x,241b5d921b2f,x,extracted,scatter,scatter,0.0
241b5d921b2f_y,241b5d921b2f,y,extracted,scatter,scatter,0.0
2422e5123077_x,2422e5123077,x,extracted,line,line,1.0
2422e5123077_y,2422e5123077,y,extracted,line,line,0.0
24af28c007ac_x,24af28c007ac,x,extracted,scatter,scatter,0.0
24af28c007ac_y,24af28c007ac,y,extracted,scatter,scatter,0.0
24b51c564db7_x,24b51c564db7,x,extracted,vertical_bar,vertical_bar,1.0
24b51c564db7_y,24b51c564db7,y,extracted,vertical_bar,vertical_bar,0.8374509194988766
24d4145ba39f_x,24d4145ba39f,x,extracted,line,line,1.0
24d4145ba39f_y,24d4145ba39f,y,extracted,line,line,0.0002101829085943141
250fe846f5b3_x,250fe846f5b3,x,extracted,scatter,scatter,0.8813783009637586
250fe846f5b3_y,250fe846f5b3,y,extracted,scatter,scatter,0.0
251d4fb40fea_x,251d4fb40fea,x,extracted,vertical_bar,vertical_bar,0.0
251d4fb40fea_y,251d4fb40fea,y,extracted,vertical_bar,vertical_bar,0.6023507900796978
25377339cdc1_x,25377339cdc1,x,extracted,vertical_bar,vertical_bar,0.9843762714415911
25377339cdc1_y,25377339cdc1,y,extracted,vertical_bar,vertical_bar,0.9677083169849832
25a80c9ced74_x,25a80c9ced74,x,extracted,vertical_bar,vertical_bar,0.9375812532524874
25a80c9ced74_y,25a80c9ced74,y,extracted,vertical_bar,vertical_bar,0.07208243015842486
25ab54e4e6fe_x,25ab54e4e6fe,x,extracted,line,line,1.0
25ab54e4e6fe_y,25ab54e4e6fe,y,extracted,line,line,0.7844523351965558
25e15de44046_x,25e15de44046,x,extracted,line,line,1.0
25e15de44046_y,25e15de44046,y,extracted,line,line,0.0
264b8a1565f6_x,264b8a1565f6,x,extracted,vertical_bar,vertical_bar,1.0
264b8a1565f6_y,264b8a1565f6,y,extracted,vertical_bar,vertical_bar,0.988159453090824
265f8a58c438_x,265f8a58c438,x,extracted,vertical_bar,vertical_bar,1.0
265f8a58c438_y,265f8a58c438,y,extracted,vertical_bar,vertical_bar,0.972278022809852
2698ec7e0c88_x,2698ec7e0c88,x,extracted,vertical_bar,vertical_bar,1.0
2698ec7e0c88_y,2698ec7e0c88,y,extracted,vertical_bar,vertical_bar,0.0
27139b4912ea_x,27139b4912ea,x,extracted,line,line,1.0
27139b4912ea_y,27139b4912ea,y,extracted,line,line,0.0
271ec06d6cb3_x,271ec06d6cb3,x,extracted,vertical_bar,vertical_bar,1.0
271ec06d6cb3_y,271ec06d6cb3,y,extracted,vertical_bar,vertical_bar,0.9028500063284699
27b50e5df8a9_x,27b50e5df8a9,x,extracted,line,line,1.0
27b50e5df8a9_y,27b50e5df8a9,y,extracted,line,line,0.4793698734949292
27fa015ce8a0_x,27fa015ce8a0,x,extracted,vertical_bar,vertical_bar,1.0
27fa015ce8a0_y,27fa015ce8a0,y,extracted,vertical_bar,vertical_bar,0.9793245989374475
28a3dd8304e0_x,28a3dd8304e0,x,extracted,vertical_bar,vertical_bar,0.0
28a3dd8304e0_y,28a3dd8304e0,y,extracted,vertical_bar,vertical_bar,0.9754187984956906
28ef77f3759e_x,28ef77f3759e,x,extracted,line,line,1.0
28ef77f3759e_y,28ef77f3759e,y,extracted,line,line,0.9619556738264132
294106c4a166_x,294106c4a166,x,extracted,vertical_bar,vertical_bar,0.9971590985518357
294106c4a166_y,294106c4a166,y,extracted,vertical_bar,vertical_bar,1.0
29fe6110ed1e_x,29fe6110ed1e,x,extracted,vertical_bar,vertical_bar,0.620051037744775
29fe6110ed1e_y,29fe6110ed1e,y,extracted,vertical_bar,vertical_bar,0.9165353187971914
2a1e4a0ffe81_x,2a1e4a0ffe81,x,extracted,vertical_bar,vertical_bar,0.5378828427399902
2a1e4a0ffe81_y,2a1e4a0ffe81,y,extracted,vertical_bar,vertical_bar,1.0
2a37dba958da_x,2a37dba958da,x,extracted,vertical_bar,vertical_bar,1.0
2a37dba958da_y,2a37dba958da,y,extracted,vertical_bar,vertical_bar,0.8884449371732697
2a463d824950_x,2a463d824950,x,extracted,vertical_bar,vertical_bar,0.5525707053797915
2a463d824950_y,2a463d824950,y,extracted,vertical_bar,vertical_bar,5.768718835952313e-13
2aae9bc45099_x,2aae9bc45099,x,extracted,line,line,1.0
2aae9bc45099_y,2aae9bc45099,y,extracted,line,line,0.9618860109156033
2ae1860cf31a_x,2ae1860cf31a,x,extracted,line,line,1.0
2ae1860cf31a_y,2ae1860cf31a,y,extracted,line,line,0.9902064689125567
2af23469c1d8_x,2af23469c1d8,x,extracted,vertical_bar,vertical_bar,1.0
2af23469c1d8_y,2af23469c1d8,y,extracted,vertical_bar,vertical_bar,0.9400885059607502
2bb6e76a5b35_x,2bb6e76a5b35,x,extracted,scatter,scatter,0.0
2bb6e76a5b35_y,2bb6e76a5b35,y,extracted,scatter,scatter,0.0
2c1f66f6774a_x,2c1f66f6774a,x,extracted,vertical_bar,vertical_bar,0.9901963925267414
2c1f66f6774a_y,2c1f66f6774a,y,extracted,vertical_bar,vertical_bar,0.9827093550384431
2c21612c1ad9_x,2c21612c1ad9,x,extracted,line,line,1.0
2c21612c1ad9_y,2c21612c1ad9,y,extracted,line,line,0.14564595577725892
2c3bb1304754_x,2c3bb1304754,x,extracted,vertical_bar,vertical_bar,1.0
2c3bb1304754_y,2c3bb1304754,y,extracted,vertical_bar,vertical_bar,0.2928471101779391
2c8135aa6e12_x,2c8135aa6e12,x,extracted,vertical_bar,vertical_bar,1.0
2c8135aa6e12_y,2c8135aa6e12,y,extracted,vertical_bar,vertical_bar,0.9013087683184953
2caedc7e9f20_x,2caedc7e9f20,x,extracted,vertical_bar,vertical_bar,0.8674512116091215
2caedc7e9f20_y,2caedc7e9f20,y,extracted,vertical_bar,vertical_bar,1.0
2cfc2230ea25_x,2cfc2230ea25,x,extracted,scatter,scatter,0.0
2cfc2230ea25_y,2cfc2230ea25,y,extracted,scatter,scatter,0.0
2d09889050ee_x,2d09889050ee,x,extracted,scatter,scatter,0.0
2d09889050ee_y,2d09889050ee,y,extracted,scatter,scatter,0.0
2d975ee74ad7_x,2d975ee74ad7,x,extracted,vertical_bar,vertical_bar,0.0
2d975ee74ad7_y,2d975ee74ad7,y,extracted,vertical_bar,vertical_bar,0.0
2d9d8007f917_x,2d9d8007f917,x,extracted,line,line,1.0
2d9d8007f917_y,2d9d8007f917,y,extracted,line,line,0.0
2deb3d873702_x,2deb3d873702,x,extracted,vertical_bar,vertical_bar,0.5712751410178882
2deb3d873702_y,2deb3d873702,y,extracted,vertical_bar,vertical_bar,1.0
2df87ae4c535_x,2df87ae4c535,x,extracted,line,line,1.0
2df87ae4c535_y,2df87ae4c535,y,extracted,line,line,0.9984469011943484
2e2bdfc9c7d7_x,2e2bdfc9c7d7,x,extracted,horizontal_bar,horizontal_bar,0.0
2e2bdfc9c7d7_y,2e2bdfc9c7d7,y,extracted,horizontal_bar,horizontal_bar,0.0
2e7492322558_x,2e7492322558,x,extracted,horizontal_bar,vertical_bar,0.0
2e7492322558_y,2e7492322558,y,extracted,horizontal_bar,vertical_bar,0.0
2f49ff73cf58_x,2f49ff73cf58,x,extracted,vertical_bar,vertical_bar,1.0
2f49ff73cf58_y,2f49ff73cf58,y,extracted,vertical_bar,vertical_bar,0.9878711431129557
2f7d8beed2af_x,2f7d8beed2af,x,extracted,line,line,1.0
2f7d8beed2af_y,2f7d8beed2af,y,extracted,line,line,0.09477735237663598
2ff5d2491913_x,2ff5d2491913,x,extracted,vertical_bar,vertical_bar,0.9535218831188681
2ff5d2491913_y,2ff5d2491913,y,extracted,vertical_bar,vertical_bar,0.8286010506196204
301a8479ec01_x,301a8479ec01,x,extracted,vertical_bar,vertical_bar,1.0
301a8479ec01_y,301a8479ec01,y,extracted,vertical_bar,vertical_bar,0.9859256272814625
304e155958b6_x,304e155958b6,x,extracted,line,line,1.0
304e155958b6_y,304e155958b6,y,extracted,line,line,0.9720179554723862
3065bde46f52_x,3065bde46f52,x,extracted,vertical_bar,vertical_bar,1.0
3065bde46f52_y,3065bde46f52,y,extracted,vertical_bar,vertical_bar,1.0
309eca242853_x,309eca242853,x,extracted,vertical_bar,vertical_bar,1.0
309eca242853_y,309eca242853,y,extracted,vertical_bar,vertical_bar,0.9443623695207228
30a06653c5b8_x,30a06653c5b8,x,extracted,vertical_bar,vertical_bar,1.0
30a06653c5b8_y,30a06653c5b8,y,extracted,vertical_bar,vertical_bar,0.9844581978476372
30d72b1a9beb_x,30d72b1a9beb,x,extracted,vertical_bar,vertical_bar,1.0
30d72b1a9beb_y,30d72b1a9beb,y,extracted,vertical_bar,vertical_bar,1.0
30f6f3323970_x,30f6f3323970,x,extracted,line,line,1.0
30f6f3323970_y,30f6f3323970,y,extracted,line,line,0.19387335946523776
312313d42699_x,312313d42699,x,extracted,scatter,scatter,0.0
312313d42699_y,312313d42699,y,extracted,scatter,scatter,0.0
315a7d63a89a_x,315a7d63a89a,x,extracted,vertical_bar,vertical_bar,0.0
315a7d63a89a_y,315a7d63a89a,y,extracted,vertical_bar,vertical_bar,0.0
318638776bed_x,318638776bed,x,extracted,line,line,1.0
318638776bed_y,318638776bed,y,extracted,line,line,0.7870597198149529
31c279641eca_x,31c279641eca,x,extracted,line,line,1.0
31c279641eca_y,31c279641eca,y,extracted,line,line,0.7330519246931302
32069d43ccd8_x,32069d43ccd8,x,extracted,vertical_bar,vertical_bar,1.0
32069d43ccd8_y,32069d43ccd8,y,extracted,vertical_bar,vertical_bar,1.0
323cf622c590_x,323cf622c590,x,extracted,vertical_bar,vertical_bar,1.0
323cf622c590_y,323cf622c590,y,extracted,vertical_bar,vertical_bar,0.9806423411211216
3289caa95dea_x,3289caa95dea,x,extracted,vertical_bar,vertical_bar,0.0
3289caa95dea_y,3289caa95dea,y,extracted,vertical_bar,vertical_bar,0.0
32ae225ae9ca_x,32ae225ae9ca,x,extracted,scatter,scatter,0.3923494643144565
32ae225ae9ca_y,32ae225ae9ca,y,extracted,scatter,scatter,0.1471767852333492
33006fda6cae_x,33006fda6cae,x,extracted,vertical_bar,vertical_bar,1.0
33006fda6cae_y,33006fda6cae,y,extracted,vertical_bar,vertical_bar,1.0
3307bfb03450_x,3307bfb03450,x,extracted,vertical_bar,vertical_bar,0.7500878110685527
3307bfb03450_y,3307bfb03450,y,extracted,vertical_bar,vertical_bar,0.8176480181177002
334e4a9f6fce_x,334e4a9f6fce,x,extracted,line,line,0.0
334e4a9f6fce_y,334e4a9f6fce,y,extracted,line,line,0.0
33759902e7b9_x,33759902e7b9,x,extracted,vertical_bar,vertical_bar,1.0
33759902e7b9_y,33759902e7b9,y,extracted,vertical_bar,vertical_bar,0.5204454388755533
338691f62999_x,338691f62999,x,extracted,vertical_bar,vertical_bar,1.0
338691f62999_y,338691f62999,y,extracted,vertical_bar,vertical_bar,0.955246925320645
33aa1d0743c5_x,33aa1d0743c5,x,extracted,vertical_bar,vertical_bar,0.6008654575845147
33aa1d0743c5_y,33aa1d0743c5,y,extracted,vertical_bar,vertical_bar,0.0
33d08d44a23e_x,33d08d44a23e,x,extracted,vertical_bar,vertical_bar,0.0
33d08d44a23e_y,33d08d44a23e,y,extracted,vertical_bar,vertical_bar,0.9682165137870442
33e58b4b586c_x,33e58b4b586c,x,extracted,line,line,0.0
33e58b4b586c_y,33e58b4b586c,y,extracted,line,line,0.0
347c0f3e475b_x,347c0f3e475b,x,extracted,horizontal_bar,vertical_bar,0.0
347c0f3e475b_y,347c0f3e475b,y,extracted,horizontal_bar,vertical_bar,0.0
34c5564be0d4_x,34c5564be0d4,x,extracted,vertical_bar,vertical_bar,1.0
34c5564be0d4_y,34c5564be0d4,y,extracted,vertical_bar,vertical_bar,1.0
34cbb1a1c3a7_x,34cbb1a1c3a7,x,extracted,scatter,scatter,0.0
34cbb1a1c3a7_y,34cbb1a1c3a7,y,extracted,scatter,scatter,0.0
34dc36220ab0_x,34dc36220ab0,x,extracted,vertical_bar,vertical_bar,0.9750052070315793
34dc36220ab0_y,34dc36220ab0,y,extracted,vertical_bar,vertical_bar,1.0
353fab6e4d7a_x,353fab6e4d7a,x,extracted,vertical_bar,vertical_bar,0.0
353fab6e4d7a_y,353fab6e4d7a,y,extracted,vertical_bar,vertical_bar,0.0
3558120bff86_x,3558120bff86,x,extracted,scatter,line,0.0
3558120bff86_y,3558120bff86,y,extracted,scatter,line,0.0
359088265664_x,359088265664,x,extracted,vertical_bar,vertical_bar,0.9149784842448145
359088265664_y,359088265664,y,extracted,vertical_bar,vertical_bar,0.9672729872188277
35baa992a439_x,35baa992a439,x,extracted,scatter,scatter,0.0
35baa992a439_y,35baa992a439,y,extracted,scatter,scatter,0.0
35f0ec146509_x,35f0ec146509,x,extracted,horizontal_bar,horizontal_bar,0.0
35f0ec146509_y,35f0ec146509,y,extracted,horizontal_bar,horizontal_bar,0.0
365d8d120764_x,365d8d120764,x,extracted,vertical_bar,vertical_bar,1.0
365d8d120764_y,365d8d120764,y,extracted,vertical_bar,vertical_bar,0.9818080302838608
366b69368f99_x,366b69368f99,x,extracted,scatter,scatter,0.0
366b69368f99_y,366b69368f99,y,extracted,scatter,scatter,0.0
3681ae7cf613_x,3681ae7cf613,x,extracted,line,line,1.0
3681ae7cf613_y,3681ae7cf613,y,extracted,line,line,0.941934210915711
36ba906ba2a3_x,36ba906ba2a3,x,extracted,line,line,1.0
36ba906ba2a3_y,36ba906ba2a3,y,extracted,line,line,0.8741480746876742
36bf2b0f403d_x,36bf2b0f403d,x,extracted,horizontal_bar,horizontal_bar,1.0
36bf2b0f403d_y,36bf2b0f403d,y,extracted,horizontal_bar,horizontal_bar,1.0
36ccaf928d0e_x,36ccaf928d0e,x,extracted,vertical_bar,vertical_bar,1.0
36ccaf928d0e_y,36ccaf928d0e,y,extracted,vertical_bar,vertical_bar,1.0
36f373c43482_x,36f373c43482,x,extracted,vertical_bar,vertical_bar,1.0
36f373c43482_y,36f373c43482,y,extracted,vertical_bar,vertical_bar,0.8054535774224985
3700b52d7400_x,3700b52d7400,x,extracted,line,line,1.0
3700b52d7400_y,3700b52d7400,y,extracted,line,line,0.0
371a55c655ac_x,371a55c655ac,x,extracted,scatter,scatter,0.0
371a55c655ac_y,371a55c655ac,y,extracted,scatter,scatter,0.0
371d47601818_x,371d47601818,x,extracted,vertical_bar,vertical_bar,0.984849644178448
371d47601818_y,371d47601818,y,extracted,vertical_bar,vertical_bar,0.9679238740550631
374fcc8c9542_x,374fcc8c9542,x,extracted,line,line,1.0
374fcc8c9542_y,374fcc8c9542,y,extracted,line,line,0.0
37713629ecd9_x,37713629ecd9,x,extracted,vertical_bar,vertical_bar,1.0
37713629ecd9_y,37713629ecd9,y,extracted,vertical_bar,vertical_bar,0.5845355640743994
37baabb00143_x,37baabb00143,x,extracted,vertical_bar,vertical_bar,1.0
37baabb00143_y,37baabb00143,y,extracted,vertical_bar,vertical_bar,0.9681585388120146
37c20cbf12a9_x,37c20cbf12a9,x,extracted,scatter,scatter,0.0
37c20cbf12a9_y,37c20cbf12a9,y,extracted,scatter,scatter,0.0
380dde425d94_x,380dde425d94,x,extracted,line,line,1.0
380dde425d94_y,380dde425d94,y,extracted,line,line,0.0
3815e19dc891_x,3815e19dc891,x,extracted,vertical_bar,vertical_bar,1.0
3815e19dc891_y,3815e19dc891,y,extracted,vertical_bar,vertical_bar,0.9690592747311171
38734037cebd_x,38734037cebd,x,extracted,vertical_bar,vertical_bar,1.0
38734037cebd_y,38734037cebd,y,extracted,vertical_bar,vertical_bar,0.29377267389963113
388ac0b257f8_x,388ac0b257f8,x,extracted,vertical_bar,vertical_bar,1.0
388ac0b257f8_y,388ac0b257f8,y,extracted,vertical_bar,vertical_bar,0.40119929801459864
388b15ed9b3c_x,388b15ed9b3c,x,extracted,vertical_bar,vertical_bar,0.9951923447334803
388b15ed9b3c_y,388b15ed9b3c,y,extracted,vertical_bar,vertical_bar,0.6837990117824388
388c0c62e6c7_x,388c0c62e6c7,x,extracted,line,line,1.0
388c0c62e6c7_y,388c0c62e6c7,y,extracted,line,line,0.9809951405522814
388d15fabcb4_x,388d15fabcb4,x,extracted,scatter,scatter,0.0
388d15fabcb4_y,388d15fabcb4,y,extracted,scatter,scatter,0.0
3934052cfb94_x,3934052cfb94,x,extracted,vertical_bar,vertical_bar,0.9934211475478052
3934052cfb94_y,3934052cfb94,y,extracted,vertical_bar,vertical_bar,0.0
393aa0441430_x,393aa0441430,x,extracted,vertical_bar,vertical_bar,1.0
393aa0441430_y,393aa0441430,y,extracted,vertical_bar,vertical_bar,0.6418924750917865
3a111dc3251f_x,3a111dc3251f,x,extracted,vertical_bar,vertical_bar,1.0
3a111dc3251f_y,3a111dc3251f,y,extracted,vertical_bar,vertical_bar,0.9799969432538926
3a1ce45d4044_x,3a1ce45d4044,x,extracted,line,line,1.0
3a1ce45d4044_y,3a1ce45d4044,y,extracted,line,line,0.4754790846979289
3a375eb8c278_x,3a375eb8c278,x,extracted,line,line,1.0
3a375eb8c278_y,3a375eb8c278,y,extracted,line,line,0.7632220356423085
3a5a3738f267_x,3a5a3738f267,x,extracted,vertical_bar,vertical_bar,1.0
3a5a3738f267_y,3a5a3738f267,y,extracted,vertical_bar,vertical_bar,0.0
3aff36b043e9_x,3aff36b043e9,x,extracted,vertical_bar,vertical_bar,0.0
3aff36b043e9_y,3aff36b043e9,y,extracted,vertical_bar,vertical_bar,0.0
3b2884e7a6fe_x,3b2884e7a6fe,x,extracted,vertical_bar,vertical_bar,1.0
3b2884e7a6fe_y,3b2884e7a6fe,y,extracted,vertical_bar,vertical_bar,0.28987100671851596
3b66698118ab_x,3b66698118ab,x,extracted,vertical_bar,vertical_bar,0.9722293645079902
3b66698118ab_y,3b66698118ab,y,extracted,vertical_bar,vertical_bar,0.9766152297877664
3c169b8702dc_x,3c169b8702dc,x,extracted,vertical_bar,vertical_bar,1.0
3c169b8702dc_y,3c169b8702dc,y,extracted,vertical_bar,vertical_bar,0.9767168870118885
3c1a07c44a6d_x,3c1a07c44a6d,x,extracted,line,line,1.0
3c1a07c44a6d_y,3c1a07c44a6d,y,extracted,line,line,0.8628591260829914
3c1faa5b77ff_x,3c1faa5b77ff,x,extracted,vertical_bar,vertical_bar,1.0
3c1faa5b77ff_y,3c1faa5b77ff,y,extracted,vertical_bar,vertical_bar,0.0
3c899276c387_x,3c899276c387,x,extracted,line,line,0.9375812532524874
3c899276c387_y,3c899276c387,y,extracted,line,line,0.6600881078024132
3ca782b976be_x,3ca782b976be,x,extracted,line,line,1.0
3ca782b976be_y,3ca782b976be,y,extracted,line,line,1.0
3d0b1f8e6f61_x,3d0b1f8e6f61,x,extracted,line,line,1.0
3d0b1f8e6f61_y,3d0b1f8e6f61,y,extracted,line,line,0.9348595642743089
3d3ddba1ebef_x,3d3ddba1ebef,x,extracted,vertical_bar,vertical_bar,0.0
3d3ddba1ebef_y,3d3ddba1ebef,y,extracted,vertical_bar,vertical_bar,0.42227770667108944
3dd3474acda3_x,3dd3474acda3,x,extracted,line,line,1.0
3dd3474acda3_y,3dd3474acda3,y,extracted,line,line,0.9741972553984803
3e1c620621d5_x,3e1c620621d5,x,extracted,line,line,1.0
3e1c620621d5_y,3e1c620621d5,y,extracted,line,line,0.947208639152662
3e32176d186e_x,3e32176d186e,x,extracted,line,line,1.0
3e32176d186e_y,3e32176d186e,y,extracted,line,line,0.8531341290744769
3e54899e85f5_x,3e54899e85f5,x,extracted,line,line,0.0
3e54899e85f5_y,3e54899e85f5,y,extracted,line,line,0.0
3eae0adc620a_x,3eae0adc620a,x,extracted,line,line,0.0
3eae0adc620a_y,3eae0adc620a,y,extracted,line,line,0.0
3eb9a742c6fb_x,3eb9a742c6fb,x,extracted,vertical_bar,vertical_bar,0.620051037744775
3eb9a742c6fb_y,3eb9a742c6fb,y,extracted,vertical_bar,vertical_bar,1.0
3ec5332795c8_x,3ec5332795c8,x,extracted,vertical_bar,vertical_bar,1.0
3ec5332795c8_y,3ec5332795c8,y,extracted,vertical_bar,vertical_bar,0.9714808717451424
3f344bb02fb9_x,3f344bb02fb9,x,extracted,line,line,1.0
3f344bb02fb9_y,3f344bb02fb9,y,extracted,line,line,0.8029003941371764
3f450c3aa93b_x,3f450c3aa93b,x,extracted,vertical_bar,vertical_bar,1.0
3f450c3aa93b_y,3f450c3aa93b,y,extracted,vertical_bar,vertical_bar,0.9851867913617716
3f4767057dbd_x,3f4767057dbd,x,extracted,vertical_bar,vertical_bar,0.0
3f4767057dbd_y,3f4767057dbd,y,extracted,vertical_bar,vertical_bar,0.9899658921134153
3f65b43556ac_x,3f65b43556ac,x,extracted,scatter,scatter,0.0
3f65b43556ac_y,3f65b43556ac,y,extracted,scatter,scatter,0.882904960761369
3fedc5eac2bb_x,3fedc5eac2bb,x,extracted,line,line,1.0
3fedc5eac2bb_y,3fedc5eac2bb,y,extracted,line,line,0.9352958270486562
3ffc21fad1bd_x,3ffc21fad1bd,x,extracted,horizontal_bar,vertical_bar,0.0
3ffc21fad1bd_y,3ffc21fad1bd,y,extracted,horizontal_bar,vertical_bar,0.0
402e23008565_x,402e23008565,x,extracted,line,line,1.0
402e23008565_y,402e23008565,y,extracted,line,line,0.0
40be27c7dc75_x,40be27c7dc75,x,extracted,vertical_bar,vertical_bar,1.0
40be27c7dc75_y,40be27c7dc75,y,extracted,vertical_bar,vertical_bar,0.949065198646545
40be4a543241_x,40be4a543241,x,extracted,line,line,1.0
40be4a543241_y,40be4a543241,y,extracted,line,line,0.7855029437398915
40ec0ddfc5cd_x,40ec0ddfc5cd,x,extracted,line,line,1.0
40ec0ddfc5cd_y,40ec0ddfc5cd,y,extracted,line,line,0.9351891370386578
40f2aa172f7f_x,40f2aa172f7f,x,extracted,line,line,1.0
40f2aa172f7f_y,40f2aa172f7f,y,extracted,line,line,0.0
410025e490c3_x,410025e490c3,x,extracted,horizontal_bar,vertical_bar,0.0
410025e490c3_y,410025e490c3,y,extracted,horizontal_bar,vertical_bar,0.0
41145770e687_x,41145770e687,x,extracted,line,line,0.0
41145770e687_y,41145770e687,y,extracted,line,line,0.5823340666122063
4163f70a77b3_x,4163f70a77b3,x,extracted,vertical_bar,vertical_bar,0.0
4163f70a77b3_y,4163f70a77b3,y,extracted,vertical_bar,vertical_bar,0.0
4167e46a5cfc_x,4167e46a5cfc,x,extracted,scatter,scatter,1.0
4167e46a5cfc_y,4167e46a5cfc,y,extracted,scatter,scatter,0.0
416f0f40da23_x,416f0f40da23,x,extracted,line,line,1.0
416f0f40da23_y,416f0f40da23,y,extracted,line,line,0.015265853643856797
423845dcb3b2_x,423845dcb3b2,x,extracted,vertical_bar,vertical_bar,1.0
423845dcb3b2_y,423845dcb3b2,y,extracted,vertical_bar,vertical_bar,0.3075673839077473
42393c8722de_x,42393c8722de,x,extracted,scatter,scatter,0.0
42393c8722de_y,42393c8722de,y,extracted,scatter,scatter,0.0
42d118f8b1f8_x,42d118f8b1f8,x,extracted,scatter,scatter,0.0
42d118f8b1f8_y,42d118f8b1f8,y,extracted,scatter,scatter,0.0
431fd5e5de41_x,431fd5e5de41,x,extracted,line,line,1.0
431fd5e5de41_y,431fd5e5de41,y,extracted,line,line,0.4617744848681862
43543a6d184f_x,43543a6d184f,x,extracted,vertical_bar,vertical_bar,1.0
43543a6d184f_y,43543a6d184f,y,extracted,vertical_bar,vertical_bar,0.9114042311433799
43a6f95994b3_x,43a6f95994b3,x,extracted,horizontal_bar,horizontal_bar,0.0
43a6f95994b3_y,43a6f95994b3,y,extracted,horizontal_bar,horizontal_bar,0.0
43e0785c466b_x,43e0785c466b,x,extracted,line,line,1.0
43e0785c466b_y,43e0785c466b,y,extracted,line,line,0.5059939425396518
449f3cce1745_x,449f3cce1745,x,extracted,line,line,1.0
449f3cce1745_y,449f3cce1745,y,extracted,line,line,0.7687437442020071
45453cd1f492_x,45453cd1f492,x,extracted,line,line,1.0
45453cd1f492_y,45453cd1f492,y,extracted,line,line,0.9831801924868959
4564f30f5a3b_x,4564f30f5a3b,x,extracted,vertical_bar,vertical_bar,1.0
4564f30f5a3b_y,4564f30f5a3b,y,extracted,vertical_bar,vertical_bar,1.0
4566b5627dfc_x,4566b5627dfc,x,extracted,line,line,1.0
4566b5627dfc_y,4566b5627dfc,y,extracted,line,line,0.6916978831596803
45857cb26868_x,45857cb26868,x,extracted,scatter,scatter,0.0
45857cb26868_y,45857cb26868,y,extracted,scatter,scatter,0.0
45c5c825876e_x,45c5c825876e,x,extracted,line,line,1.0
45c5c825876e_y,45c5c825876e,y,extracted,line,line,0.5792179044171633
45d2572ab5a8_x,45d2572ab5a8,x,extracted,line,line,1.0
45d2572ab5a8_y,45d2572ab5a8,y,extracted,line,line,0.9838290501853337
45eab7a55c20_x,45eab7a55c20,x,extracted,horizontal_bar,horizontal_bar,0.0
45eab7a55c20_y,45eab7a55c20,y,extracted,horizontal_bar,horizontal_bar,0.95165063097605
461ee8643fce_x,461ee8643fce,x,extracted,line,line,1.0
461ee8643fce_y,461ee8643fce,y,extracted,line,line,0.727112768285257
464599bcd4f1_x,464599bcd4f1,x,extracted,scatter,scatter,0.0
464599bcd4f1_y,464599bcd4f1,y,extracted,scatter,scatter,0.0
4669b6e3f1fd_x,4669b6e3f1fd,x,extracted,vertical_bar,vertical_bar,0.0
4669b6e3f1fd_y,4669b6e3f1fd,y,extracted,vertical_bar,vertical_bar,0.0
468ab00987f4_x,468ab00987f4,x,extracted,line,line,1.0
468ab00987f4_y,468ab00987f4,y,extracted,line,line,0.8277295379714507
46ac53a6b82a_x,46ac53a6b82a,x,extracted,vertical_bar,vertical_bar,0.0
46ac53a6b82a_y,46ac53a6b82a,y,extracted,vertical_bar,vertical_bar,0.0
46fd28bbd254_x,46fd28bbd254,x,extracted,vertical_bar,vertical_bar,0.5600069207107647
46fd28bbd254_y,46fd28bbd254,y,extracted,vertical_bar,vertical_bar,1.0
47130d62b1d1_x,47130d62b1d1,x,extracted,horizontal_bar,horizontal_bar,0.0
47130d62b1d1_y,47130d62b1d1,y,extracted,horizontal_bar,horizontal_bar,0.0
47298446b9a6_x,47298446b9a6,x,extracted,vertical_bar,vertical_bar,0.0
47298446b9a6_y,47298446b9a6,y,extracted,vertical_bar,vertical_bar,0.0
4765eb7664ad_x,4765eb7664ad,x,extracted,vertical_bar,vertical_bar,0.9583574292545141
4765eb7664ad_y,4765eb7664ad,y,extracted,vertical_bar,vertical_bar,0.9940729481134729
47868f256bea_x,47868f256bea,x,extracted,line,line,0.0
47868f256bea_y,47868f256bea,y,extracted,line,line,0.0
4796ca0b4a86_x,4796ca0b4a86,x,extracted,line,line,0.0
4796ca0b4a86_y,4796ca0b4a86,y,extracted,line,line,0.0
47bdcc7547b0_x,47bdcc7547b0,x,extracted,scatter,scatter,0.0
47bdcc7547b0_y,47bdcc7547b0,y,extracted,scatter,scatter,0.0
47c8e0abbaf5_x,47c8e0abbaf5,x,extracted,line,line,0.0
47c8e0abbaf5_y,47c8e0abbaf5,y,extracted,line,line,0.0
47e4a0615565_x,47e4a0615565,x,extracted,vertical_bar,vertical_bar,1.0
47e4a0615565_y,47e4a0615565,y,extracted,vertical_bar,vertical_bar,1.0
481c17b9bb9e_x,481c17b9bb9e,x,extracted,line,line,1.0
481c17b9bb9e_y,481c17b9bb9e,y,extracted,line,line,0.27240205344004287
48579761ca46_x,48579761ca46,x,extracted,vertical_bar,vertical_bar,1.0
48579761ca46_y,48579761ca46,y,extracted,vertical_bar,vertical_bar,0.8021961582443558
487b616d01b5_x,487b616d01b5,x,extracted,scatter,scatter,0.0
487b616d01b5_y,487b616d01b5,y,extracted,scatter,scatter,0.0
492981e5aeb5_x,492981e5aeb5,x,extracted,vertical_bar,vertical_bar,0.0
492981e5aeb5_y,492981e5aeb5,y,extracted,vertical_bar,vertical_bar,0.0
49c9dae0459d_x,49c9dae0459d,x,extracted,line,line,1.0
49c9dae0459d_y,49c9dae0459d,y,extracted,line,line,0.9840550469101528
49d4c19d316d_x,49d4c19d316d,x,extracted,horizontal_bar,horizontal_bar,0.0
49d4c19d316d_y,49d4c19d316d,y,extracted,horizontal_bar,horizontal_bar,0.0
49e636e6d853_x,49e636e6d853,x,extracted,line,line,0.0
49e636e6d853_y,49e636e6d853,y,extracted,line,line,0.0
49e63788fa0c_x,49e63788fa0c,x,extracted,vertical_bar,vertical_bar,0.0
49e63788fa0c_y,49e63788fa0c,y,extracted,vertical_bar,vertical_bar,0.0
49eea6f7ffbc_x,49eea6f7ffbc,x,extracted,scatter,scatter,0.0
49eea6f7ffbc_y,49eea6f7ffbc,y,extracted,scatter,scatter,0.0
49fb56859e03_x,49fb56859e03,x,extracted,line,line,1.0
49fb56859e03_y,49fb56859e03,y,extracted,line,line,0.0
4a29fe36fc49_x,4a29fe36fc49,x,extracted,line,line,1.0
4a29fe36fc49_y,4a29fe36fc49,y,extracted,line,line,0.0
4a54ab3dbbec_x,4a54ab3dbbec,x,extracted,vertical_bar,vertical_bar,1.0
4a54ab3dbbec_y,4a54ab3dbbec,y,extracted,vertical_bar,vertical_bar,0.9798761639975815
4a9271e88430_x,4a9271e88430,x,extracted,vertical_bar,vertical_bar,1.0
4a9271e88430_y,4a9271e88430,y,extracted,vertical_bar,vertical_bar,0.9908238094902535
4a927b4eb93d_x,4a927b4eb93d,x,extracted,vertical_bar,vertical_bar,1.0
4a927b4eb93d_y,4a927b4eb93d,y,extracted,vertical_bar,vertical_bar,0.9940724376958754
4a93aaa4c2cd_x,4a93aaa4c2cd,x,extracted,scatter,scatter,0.0
4a93aaa4c2cd_y,4a93aaa4c2cd,y,extracted,scatter,scatter,0.0
4ade69d83125_x,4ade69d83125,x,extracted,vertical_bar,vertical_bar,1.0
4ade69d83125_y,4ade69d83125,y,extracted,vertical_bar,vertical_bar,0.9040665272753359
4b116abad58b_x,4b116abad58b,x,extracted,vertical_bar,vertical_bar,0.0
4b116abad58b_y,4b116abad58b,y,extracted,vertical_bar,vertical_bar,0.0
4b7b209eb529_x,4b7b209eb529,x,extracted,line,line,0.0
4b7b209eb529_y,4b7b209eb529,y,extracted,line,line,0.0
4bbe013678b4_x,4bbe013678b4,x,extracted,vertical_bar,vertical_bar,1.0
4bbe013678b4_y,4bbe013678b4,y,extracted,vertical_bar,vertical_bar,0.0
4bff563680e4_x,4bff563680e4,x,extracted,line,line,1.0
4bff563680e4_y,4bff563680e4,y,extracted,line,line,0.9289092579574956
4c107a4ba0df_x,4c107a4ba0df,x,extracted,vertical_bar,vertical_bar,1.0
4c107a4ba0df_y,4c107a4ba0df,y,extracted,vertical_bar,vertical_bar,0.0
4c32b8a7a724_x,4c32b8a7a724,x,extracted,line,line,1.0
4c32b8a7a724_y,4c32b8a7a724,y,extracted,line,line,0.955503636652346
4c34d3420ad3_x,4c34d3420ad3,x,extracted,vertical_bar,vertical_bar,1.0
4c34d3420ad3_y,4c34d3420ad3,y,extracted,vertical_bar,vertical_bar,0.9262523698137546
4c3fd3fef37c_x,4c3fd3fef37c,x,extracted,line,line,1.0
4c3fd3fef37c_y,4c3fd3fef37c,y,extracted,line,line,0.9813662460538612
4c61a11da10a_x,4c61a11da10a,x,extracted,vertical_bar,vertical_bar,0.0
4c61a11da10a_y,4c61a11da10a,y,extracted,vertical_bar,vertical_bar,0.0
4ccecac00e95_x,4ccecac00e95,x,extracted,line,line,0.9615574155787838
4ccecac00e95_y,4ccecac00e95,y,extracted,line,line,0.018163436696205792
4ceca311174e_x,4ceca311174e,x,extracted,scatter,scatter,0.0
4ceca311174e_y,4ceca311174e,y,extracted,scatter,scatter,0.0
4d51e4a7fa4d_x,4d51e4a7fa4d,x,extracted,line,line,1.0
4d51e4a7fa4d_y,4d51e4a7fa4d,y,extracted,line,line,0.0
4d6d80aed4b7_x,4d6d80aed4b7,x,extracted,scatter,scatter,0.0
4d6d80aed4b7_y,4d6d80aed4b7,y,extracted,scatter,scatter,0.0
4d6d8c229af7_x,4d6d8c229af7,x,extracted,line,line,0.0
4d6d8c229af7_y,4d6d8c229af7,y,extracted,line,line,0.0
4dd42679f593_x,4dd42679f593,x,extracted,vertical_bar,vertical_bar,1.0
4dd42679f593_y,4dd42679f593,y,extracted,vertical_bar,vertical_bar,1.0
4ddf467dce52_x,4ddf467dce52,x,extracted,vertical_bar,vertical_bar,1.0
4ddf467dce52_y,4ddf467dce52,y,extracted,vertical_bar,vertical_bar,0.9901053874766381
4de672cbbbb7_x,4de672cbbbb7,x,extracted,vertical_bar,vertical_bar,1.0
4de672cbbbb7_y,4de672cbbbb7,y,extracted,vertical_bar,vertical_bar,1.0
4de99c450d0a_x,4de99c450d0a,x,extracted,line,line,1.0
4de99c450d0a_y,4de99c450d0a,y,extracted,line,line,0.9794649225268386
4e2da02bbe09_x,4e2da02bbe09,x,extracted,line,line,0.0
4e2da02bbe09_y,4e2da02bbe09,y,extracted,line,line,0.0
4e447c943fe1_x,4e447c943fe1,x,extracted,vertical_bar,vertical_bar,1.0
4e447c943fe1_y,4e447c943fe1,y,extracted,vertical_bar,vertical_bar,0.0
4eb18031b58f_x,4eb18031b58f,x,extracted,line,line,1.0
4eb18031b58f_y,4eb18031b58f,y,extracted,line,line,0.9743589175191325
4f8cb7d248ff_x,4f8cb7d248ff,x,extracted,line,line,1.0
4f8cb7d248ff_y,4f8cb7d248ff,y,extracted,line,line,0.8671976231739131
4f95cc33ba7f_x,4f95cc33ba7f,x,extracted,horizontal_bar,horizontal_bar,0.0
4f95cc33ba7f_y,4f95cc33ba7f,y,extracted,horizontal_bar,horizontal_bar,0.7458517699299452
4fd28d25db0e_x,4fd28d25db0e,x,extracted,line,line,1.0
4fd28d25db0e_y,4fd28d25db0e,y,extracted,line,line,0.9777783267700566
502c055a8212_x,502c055a8212,x,extracted,vertical_bar,vertical_bar,1.0
502c055a8212_y,502c055a8212,y,extracted,vertical_bar,vertical_bar,0.9793062168639324
502e1f43e762_x,502e1f43e762,x,extracted,line,line,0.0
502e1f43e762_y,502e1f43e762,y,extracted,line,line,0.7375217417338207
507ae3aaa5dc_x,507ae3aaa5dc,x,extracted,vertical_bar,vertical_bar,0.9879523901627354
507ae3aaa5dc_y,507ae3aaa5dc,y,extracted,vertical_bar,vertical_bar,0.9718854993771877
5081e677a050_x,5081e677a050,x,extracted,vertical_bar,vertical_bar,1.0
5081e677a050_y,5081e677a050,y,extracted,vertical_bar,vertical_bar,0.9684035699687665
50b5e57ba180_x,50b5e57ba180,x,extracted,line,line,1.0
50b5e57ba180_y,50b5e57ba180,y,extracted,line,line,0.0
50e29b32c3cd_x,50e29b32c3cd,x,extracted,vertical_bar,vertical_bar,1.0
50e29b32c3cd_y,50e29b32c3cd,y,extracted,vertical_bar,vertical_bar,0.0
513147edc8a1_x,513147edc8a1,x,extracted,scatter,scatter,0.5301588938595738
513147edc8a1_y,513147edc8a1,y,extracted,scatter,scatter,0.5019756121040206
51706af99fbc_x,51706af99fbc,x,extracted,vertical_bar,vertical_bar,0.0
51706af99fbc_y,51706af99fbc,y,extracted,vertical_bar,vertical_bar,0.0
51b87bc31623_x,51b87bc31623,x,extracted,line,line,1.0
51b87bc31623_y,51b87bc31623,y,extracted,line,line,0.7210025105493223
51cea53c600f_x,51cea53c600f,x,extracted,vertical_bar,vertical_bar,1.0
51cea53c600f_y,51cea53c600f,y,extracted,vertical_bar,vertical_bar,0.9856678994598649
51d3b1a6baf3_x,51d3b1a6baf3,x,extracted,scatter,scatter,0.0
51d3b1a6baf3_y,51d3b1a6baf3,y,extracted,scatter,scatter,0.0
521e6d6dc1e6_x,521e6d6dc1e6,x,extracted,line,line,1.0
521e6d6dc1e6_y,521e6d6dc1e6,y,extracted,line,line,0.9296618011241133
526ba4d596d8_x,526ba4d596d8,x,extracted,scatter,scatter,0.0
526ba4d596d8_y,526ba4d596d8,y,extracted,scatter,scatter,0.0
527e40c1a693_x,527e40c1a693,x,extracted,line,line,1.0
527e40c1a693_y,527e40c1a693,y,extracted,line,line,0.833491282049315
52a5e1f461fa_x,52a5e1f461fa,x,extracted,vertical_bar,vertical_bar,1.0
52a5e1f461fa_y,52a5e1f461fa,y,extracted,vertical_bar,vertical_bar,0.9797634586779826
52b727dcd08c_x,52b727dcd08c,x,extracted,scatter,scatter,0.0
52b727dcd08c_y,52b727dcd08c,y,extracted,scatter,scatter,0.0
52ecf1e8dbeb_x,52ecf1e8dbeb,x,extracted,vertical_bar,vertical_bar,0.0
52ecf1e8dbeb_y,52ecf1e8dbeb,y,extracted,vertical_bar,vertical_bar,0.0
5319f79ebf80_x,5319f79ebf80,x,extracted,line,line,0.0
5319f79ebf80_y,5319f79ebf80,y,extracted,line,line,0.16920332069934862
53360355b73c_x,53360355b73c,x,extracted,vertical_bar,vertical_bar,0.0
53360355b73c_y,53360355b73c,y,extracted,vertical_bar,vertical_bar,0.0
5354bf4d5297_x,5354bf4d5297,x,extracted,vertical_bar,vertical_bar,0.0
5354bf4d5297_y,5354bf4d5297,y,extracted,vertical_bar,vertical_bar,0.0
536b28ae1a7e_x,536b28ae1a7e,x,extracted,scatter,scatter,0.0
536b28ae1a7e_y,536b28ae1a7e,y,extracted,scatter,scatter,0.0
5431d64c11ed_x,5431d64c11ed,x,extracted,line,line,1.0
5431d64c11ed_y,5431d64c11ed,y,extracted,line,line,0.829769400851043
5432762b3f58_x,5432762b3f58,x,extracted,line,line,1.0
5432762b3f58_y,5432762b3f58,y,extracted,line,line,0.0
553441275e71_x,553441275e71,x,extracted,line,line,0.0
553441275e71_y,553441275e71,y,extracted,line,line,0.570065173154688
553e947a776b_x,553e947a776b,x,extracted,line,line,1.0
553e947a776b_y,553e947a776b,y,extracted,line,line,1.0
5585994bc3e0_x,5585994bc3e0,x,extracted,vertical_bar,vertical_bar,1.0
5585994bc3e0_y,5585994bc3e0,y,extracted,vertical_bar,vertical_bar,0.9865656876836191
55874c9f27eb_x,55874c9f27eb,x,extracted,vertical_bar,vertical_bar,1.0
55874c9f27eb_y,55874c9f27eb,y,extracted,vertical_bar,vertical_bar,0.0
55c321c890e5_x,55c321c890e5,x,extracted,line,line,1.0
55c321c890e5_y,55c321c890e5,y,extracted,line,line,0.9406708886798729
5659d67c2ca1_x,5659d67c2ca1,x,extracted,vertical_bar,vertical_bar,1.0
5659d67c2ca1_y,5659d67c2ca1,y,extracted,vertical_bar,vertical_bar,1.0
566ce90d5001_x,566ce90d5001,x,extracted,line,line,1.0
566ce90d5001_y,566ce90d5001,y,extracted,line,line,0.0
56a67c742efe_x,56a67c742efe,x,extracted,vertical_bar,vertical_bar,0.9861120041034785
56a67c742efe_y,56a67c742efe,y,extracted,vertical_bar,vertical_bar,0.0
56b693cf651b_x,56b693cf651b,x,extracted,line,line,1.0
56b693cf651b_y,56b693cf651b,y,extracted,line,line,0.9286245990919688
56eb2858f094_x,56eb2858f094,x,extracted,vertical_bar,vertical_bar,1.0
56eb2858f094_y,56eb2858f094,y,extracted,vertical_bar,vertical_bar,0.9956343136304886
56ef371c63bd_x,56ef371c63bd,x,extracted,vertical_bar,vertical_bar,1.0
56ef371c63bd_y,56ef371c63bd,y,extracted,vertical_bar,vertical_bar,0.9904100970745131
577852009659_x,577852009659,x,extracted,vertical_bar,vertical_bar,1.0
577852009659_y,577852009659,y,extracted,vertical_bar,vertical_bar,0.0
582d866854e0_x,582d866854e0,x,extracted,horizontal_bar,horizontal_bar,0.0
582d866854e0_y,582d866854e0,y,extracted,horizontal_bar,horizontal_bar,0.0
5850d66982e5_x,5850d66982e5,x,extracted,vertical_bar,vertical_bar,1.0
5850d66982e5_y,5850d66982e5,y,extracted,vertical_bar,vertical_bar,0.37943603320762653
5891714de670_x,5891714de670,x,extracted,horizontal_bar,horizontal_bar,0.0
5891714de670_y,5891714de670,y,extracted,horizontal_bar,horizontal_bar,0.5378828427399902
58eccf6e1de4_x,58eccf6e1de4,x,extracted,line,line,1.0
58eccf6e1de4_y,58eccf6e1de4,y,extracted,line,line,0.8297227738645625
58fc53d72d7f_x,58fc53d72d7f,x,extracted,vertical_bar,vertical_bar,1.0
58fc53d72d7f_y,58fc53d72d7f,y,extracted,vertical_bar,vertical_bar,0.0
5918579d6abf_x,5918579d6abf,x,extracted,line,line,1.0
5918579d6abf_y,5918579d6abf,y,extracted,line,line,0.0
5931d6d316b0_x,5931d6d316b0,x,extracted,scatter,scatter,1.0
5931d6d316b0_y,5931d6d316b0,y,extracted,scatter,scatter,0.0
59bb4fea9c9b_x,59bb4fea9c9b,x,extracted,vertical_bar,vertical_bar,0.9168590335664002
59bb4fea9c9b_y,59bb4fea9c9b,y,extracted,vertical_bar,vertical_bar,0.8390766429344056
5a055b4ebf9f_x,5a055b4ebf9f,x,extracted,line,line,0.0
5a055b4ebf9f_y,5a055b4ebf9f,y,extracted,line,line,0.0
5a9c97192ea6_x,5a9c97192ea6,x,extracted,line,line,1.0
5a9c97192ea6_y,5a9c97192ea6,y,extracted,line,line,0.0
5aaac7667397_x,5aaac7667397,x,extracted,line,line,1.0
5aaac7667397_y,5aaac7667397,y,extracted,line,line,0.9586428146241326
5ac507f73eb4_x,5ac507f73eb4,x,extracted,horizontal_bar,horizontal_bar,0.0
5ac507f73eb4_y,5ac507f73eb4,y,extracted,horizontal_bar,horizontal_bar,0.0
5bf5f479742a_x,5bf5f479742a,x,extracted,line,line,0.0
5bf5f479742a_y,5bf5f479742a,y,extracted,line,line,0.0
5c29cea56264_x,5c29cea56264,x,extracted,line,line,1.0
5c29cea56264_y,5c29cea56264,y,extracted,line,line,0.9731156993984349
5c335161fdad_x,5c335161fdad,x,extracted,line,line,1.0
5c335161fdad_y,5c335161fdad,y,extracted,line,line,0.7860273359744359
5c4b52048f72_x,5c4b52048f72,x,extracted,line,line,1.0
5c4b52048f72_y,5c4b52048f72,y,extracted,line,line,0.9845592159179026
5c6466354e49_x,5c6466354e49,x,extracted,scatter,scatter,1.0
5c6466354e49_y,5c6466354e49,y,extracted,scatter,scatter,0.0
5cad47641ecc_x,5cad47641ecc,x,extracted,vertical_bar,vertical_bar,1.0
5cad47641ecc_y,5cad47641ecc,y,extracted,vertical_bar,vertical_bar,0.9651313188320685
5cbb826e6186_x,5cbb826e6186,x,extracted,scatter,scatter,0.0
5cbb826e6186_y,5cbb826e6186,y,extracted,scatter,scatter,0.9386669561428536
5cbcc46a6eed_x,5cbcc46a6eed,x,extracted,horizontal_bar,horizontal_bar,0.0
5cbcc46a6eed_y,5cbcc46a6eed,y,extracted,horizontal_bar,horizontal_bar,0.0
5ccb2f68b719_x,5ccb2f68b719,x,extracted,vertical_bar,vertical_bar,1.0
5ccb2f68b719_y,5ccb2f68b719,y,extracted,vertical_bar,vertical_bar,0.917028667377777
5cd9c8a7d944_x,5cd9c8a7d944,x,extracted,line,line,1.0
5cd9c8a7d944_y,5cd9c8a7d944,y,extracted,line,line,0.15575211654602894
5d082de59803_x,5d082de59803,x,extracted,line,line,0.0
5d082de59803_y,5d082de59803,y,extracted,line,line,0.0
5d6d21250166_x,5d6d21250166,x,extracted,line,line,1.0
5d6d21250166_y,5d6d21250166,y,extracted,line,line,0.0
5db07bea9da6_x,5db07bea9da6,x,extracted,line,line,1.0
5db07bea9da6_y,5db07bea9da6,y,extracted,line,line,0.9142260137190636
5db11061fdc6_x,5db11061fdc6,x,extracted,vertical_bar,vertical_bar,1.0
5db11061fdc6_y,5db11061fdc6,y,extracted,vertical_bar,vertical_bar,0.9870006587326421
5db5c2071c13_x,5db5c2071c13,x,extracted,line,line,1.0
5db5c2071c13_y,5db5c2071c13,y,extracted,line,line,0.9485720290985622
5e0b158d5944_x,5e0b158d5944,x,extracted,vertical_bar,vertical_bar,1.0
5e0b158d5944_y,5e0b158d5944,y,extracted,vertical_bar,vertical_bar,0.8589005824201437
5e315d84252a_x,5e315d84252a,x,extracted,vertical_bar,vertical_bar,0.8432388418813852
5e315d84252a_y,5e315d84252a,y,extracted,vertical_bar,vertical_bar,0.0
5e894a8e6d41_x,5e894a8e6d41,x,extracted,vertical_bar,vertical_bar,0.0
5e894a8e6d41_y,5e894a8e6d41,y,extracted,vertical_bar,vertical_bar,0.0
5ecd52986b63_x,5ecd52986b63,x,extracted,line,line,1.0
5ecd52986b63_y,5ecd52986b63,y,extracted,line,line,0.7554842067518086
5f403df6f69d_x,5f403df6f69d,x,extracted,line,line,1.0
5f403df6f69d_y,5f403df6f69d,y,extracted,line,line,0.941455318861866
5f4c83912d18_x,5f4c83912d18,x,extracted,line,line,1.0
5f4c83912d18_y,5f4c83912d18,y,extracted,line,line,0.0
5fd0b2fd2087_x,5fd0b2fd2087,x,extracted,scatter,scatter,0.0
5fd0b2fd2087_y,5fd0b2fd2087,y,extracted,scatter,scatter,0.0
606cecfc030f_x,606cecfc030f,x,extracted,vertical_bar,vertical_bar,0.9535218831188681
606cecfc030f_y,606cecfc030f,y,extracted,vertical_bar,vertical_bar,0.8809969230544541
60923b97d2b5_x,60923b97d2b5,x,extracted,vertical_bar,vertical_bar,0.0
60923b97d2b5_y,60923b97d2b5,y,extracted,vertical_bar,vertical_bar,0.0
60d2ea1a96e3_x,60d2ea1a96e3,x,extracted,vertical_bar,vertical_bar,0.5958732602421408
60d2ea1a96e3_y,60d2ea1a96e3,y,extracted,vertical_bar,vertical_bar,0.7939923732150427
60f82a26f716_x,60f82a26f716,x,extracted,line,line,0.0
60f82a26f716_y,60f82a26f716,y,extracted,line,line,0.0
611e9fffebc3_x,611e9fffebc3,x,extracted,scatter,scatter,0.0
611e9fffebc3_y,611e9fffebc3,y,extracted,scatter,scatter,0.0
618af800009c_x,618af800009c,x,extracted,line,line,1.0
618af800009c_y,618af800009c,y,extracted,line,line,0.5746574629290919
61e3e485d92a_x,61e3e485d92a,x,extracted,line,line,1.0
61e3e485d92a_y,61e3e485d92a,y,extracted,line,line,7.383227806911918e-09
6216c60ae2c0_x,6216c60ae2c0,x,extracted,line,line,0.0
6216c60ae2c0_y,6216c60ae2c0,y,extracted,line,line,0.0
622f724998b2_x,622f724998b2,x,extracted,vertical_bar,vertical_bar,1.0
622f724998b2_y,622f724998b2,y,extracted,vertical_bar,vertical_bar,0.0
6235d85982ad_x,6235d85982ad,x,extracted,vertical_bar,vertical_bar,1.0
6235d85982ad_y,6235d85982ad,y,extracted,vertical_bar,vertical_bar,1.2197637072830503e-05
62889c65d0de_x,62889c65d0de,x,extracted,line,line,1.0
62889c65d0de_y,62889c65d0de,y,extracted,line,line,0.0
62a5fe77db68_x,62a5fe77db68,x,extracted,vertical_bar,vertical_bar,0.0
62a5fe77db68_y,62a5fe77db68,y,extracted,vertical_bar,vertical_bar,0.0
62d961bb9e6b_x,62d961bb9e6b,x,extracted,vertical_bar,vertical_bar,1.0
62d961bb9e6b_y,62d961bb9e6b,y,extracted,vertical_bar,vertical_bar,0.9867918102080653
635fb3a42584_x,635fb3a42584,x,extracted,line,line,1.0
635fb3a42584_y,635fb3a42584,y,extracted,line,line,0.972818331560352
64374ed8c87a_x,64374ed8c87a,x,extracted,line,line,0.8511149663766819
64374ed8c87a_y,64374ed8c87a,y,extracted,line,line,0.0
6447c2a5e487_x,6447c2a5e487,x,extracted,vertical_bar,vertical_bar,0.0
6447c2a5e487_y,6447c2a5e487,y,extracted,vertical_bar,vertical_bar,0.0
648809c3743b_x,648809c3743b,x,extracted,scatter,scatter,0.0
648809c3743b_y,648809c3743b,y,extracted,scatter,scatter,0.0
649194d6f2f4_x,649194d6f2f4,x,extracted,line,line,1.0
649194d6f2f4_y,649194d6f2f4,y,extracted,line,line,0.9889464696839936
649cc8f91cc4_x,649cc8f91cc4,x,extracted,line,line,1.0
649cc8f91cc4_y,649cc8f91cc4,y,extracted,line,line,0.0
64f2ce6d8af3_x,64f2ce6d8af3,x,extracted,line,line,1.0
64f2ce6d8af3_y,64f2ce6d8af3,y,extracted,line,line,9.007197987909166e-06
64f887fff7dc_x,64f887fff7dc,x,extracted,line,line,1.0
64f887fff7dc_y,64f887fff7dc,y,extracted,line,line,0.24725493107513175
65164389b651_x,65164389b651,x,extracted,line,line,1.0
65164389b651_y,65164389b651,y,extracted,line,line,0.0
653cf7374881_x,653cf7374881,x,extracted,vertical_bar,vertical_bar,1.0
653cf7374881_y,653cf7374881,y,extracted,vertical_bar,vertical_bar,0.9795855602524992
6542fd31e4a5_x,6542fd31e4a5,x,extracted,line,line,0.9930556671860611
6542fd31e4a5_y,6542fd31e4a5,y,extracted,line,line,0.7852379373601586
659d2b57fa60_x,659d2b57fa60,x,extracted,vertical_bar,vertical_bar,1.0
659d2b57fa60_y,659d2b57fa60,y,extracted,vertical_bar,vertical_bar,1.0
65f91fd8c335_x,65f91fd8c335,x,extracted,vertical_bar,vertical_bar,1.0
65f91fd8c335_y,65f91fd8c335,y,extracted,vertical_bar,vertical_bar,0.9667466908733993
6627e6967a98_x,6627e6967a98,x,extracted,horizontal_bar,horizontal_bar,0.0
6627e6967a98_y,6627e6967a98,y,extracted,horizontal_bar,horizontal_bar,0.0
66347e7f844d_x,66347e7f844d,x,extracted,horizontal_bar,line,0.0
66347e7f844d_y,66347e7f844d,y,extracted,horizontal_bar,line,0.0
665ebcbad177_x,665ebcbad177,x,extracted,line,line,0.0
665ebcbad177_y,665ebcbad177,y,extracted,line,line,0.0
66d2198391be_x,66d2198391be,x,extracted,vertical_bar,vertical_bar,0.5724019036396353
66d2198391be_y,66d2198391be,y,extracted,vertical_bar,vertical_bar,0.9859601104377891
671f4ae14174_x,671f4ae14174,x,extracted,line,line,0.0
671f4ae14174_y,671f4ae14174,y,extracted,line,line,1.662640642208224e-05
6737ada0656e_x,6737ada0656e,x,extracted,horizontal_bar,vertical_bar,0.0
6737ada0656e_y,6737ada0656e,y,extracted,horizontal_bar,vertical_bar,0.0
674453f6d8a1_x,674453f6d8a1,x,extracted,vertical_bar,vertical_bar,0.6167649376570126
674453f6d8a1_y,674453f6d8a1,y,extracted,vertical_bar,vertical_bar,1.0
6771e4a4fab5_x,6771e4a4fab5,x,extracted,vertical_bar,vertical_bar,0.0
6771e4a4fab5_y,6771e4a4fab5,y,extracted,vertical_bar,vertical_bar,0.0
679dc4eee502_x,679dc4eee502,x,extracted,horizontal_bar,horizontal_bar,0.0
679dc4eee502_y,679dc4eee502,y,extracted,horizontal_bar,horizontal_bar,0.0
67aba5f5d24b_x,67aba5f5d24b,x,extracted,line,line,0.0
67aba5f5d24b_y,67aba5f5d24b,y,extracted,line,line,0.9800732240713066
68306913c57c_x,68306913c57c,x,extracted,line,line,0.9903849117057764
68306913c57c_y,68306913c57c,y,extracted,line,line,0.9150494792130139
6881dcba3315_x,6881dcba3315,x,extracted,horizontal_bar,horizontal_bar,1.0
6881dcba3315_y,6881dcba3315,y,extracted,horizontal_bar,horizontal_bar,1.0
68904d1a4c6c_x,68904d1a4c6c,x,extracted,scatter,scatter,0.0
68904d1a4c6c_y,68904d1a4c6c,y,extracted,scatter,scatter,0.0
68b4d59628d5_x,68b4d59628d5,x,extracted,vertical_bar,vertical_bar,0.0
68b4d59628d5_y,68b4d59628d5,y,extracted,vertical_bar,vertical_bar,0.9643486640571326
68b7d9d994b3_x,68b7d9d994b3,x,extracted,vertical_bar,vertical_bar,1.0
68b7d9d994b3_y,68b7d9d994b3,y,extracted,vertical_bar,vertical_bar,0.8897709089580566
68b83f17bbd4_x,68b83f17bbd4,x,extracted,scatter,scatter,0.9889798492360877
68b83f17bbd4_y,68b83f17bbd4,y,extracted,scatter,scatter,0.0
68fbd831aff0_x,68fbd831aff0,x,extracted,vertical_bar,vertical_bar,0.9545767334787216
68fbd831aff0_y,68fbd831aff0,y,extracted,vertical_bar,vertical_bar,0.0
6906da4fa56a_x,6906da4fa56a,x,extracted,line,line,1.0
6906da4fa56a_y,6906da4fa56a,y,extracted,line,line,0.3068777722960021
69b73dc841fb_x,69b73dc841fb,x,extracted,line,line,1.0
69b73dc841fb_y,69b73dc841fb,y,extracted,line,line,0.6263718588510598
69d1f624b716_x,69d1f624b716,x,extracted,scatter,scatter,0.0
69d1f624b716_y,69d1f624b716,y,extracted,scatter,scatter,0.0
69f7270e2390_x,69f7270e2390,x,extracted,scatter,scatter,0.0
69f7270e2390_y,69f7270e2390,y,extracted,scatter,scatter,0.0
6a0fa5d6c49c_x,6a0fa5d6c49c,x,extracted,scatter,scatter,0.0
6a0fa5d6c49c_y,6a0fa5d6c49c,y,extracted,scatter,scatter,0.0
6a12b0673987_x,6a12b0673987,x,extracted,vertical_bar,vertical_bar,1.0
6a12b0673987_y,6a12b0673987,y,extracted,vertical_bar,vertical_bar,0.0
6a5ff6d2e86a_x,6a5ff6d2e86a,x,extracted,line,line,1.0
6a5ff6d2e86a_y,6a5ff6d2e86a,y,extracted,line,line,0.8807743247690158
6a855b8e01ba_x,6a855b8e01ba,x,extracted,line,line,1.0
6a855b8e01ba_y,6a855b8e01ba,y,extracted,line,line,0.18761957944923768
6ae113ad2454_x,6ae113ad2454,x,extracted,scatter,scatter,0.0
6ae113ad2454_y,6ae113ad2454,y,extracted,scatter,scatter,0.0
6ae13d8c7477_x,6ae13d8c7477,x,extracted,vertical_bar,vertical_bar,0.8756469982284039
6ae13d8c7477_y,6ae13d8c7477,y,extracted,vertical_bar,vertical_bar,0.0
6ae8e07ad873_x,6ae8e07ad873,x,extracted,scatter,scatter,0.0
6ae8e07ad873_y,6ae8e07ad873,y,extracted,scatter,scatter,0.0
6b7dfd10152a_x,6b7dfd10152a,x,extracted,vertical_bar,vertical_bar,0.9201702308888686
6b7dfd10152a_y,6b7dfd10152a,y,extracted,vertical_bar,vertical_bar,0.9360811714558668
6bd7ecea200f_x,6bd7ecea200f,x,extracted,line,line,1.0
6bd7ecea200f_y,6bd7ecea200f,y,extracted,line,line,0.0
6bea3dc82cc6_x,6bea3dc82cc6,x,extracted,line,line,1.0
6bea3dc82cc6_y,6bea3dc82cc6,y,extracted,line,line,0.8560443630796295
6bfddb905b24_x,6bfddb905b24,x,extracted,horizontal_bar,horizontal_bar,0.0
6bfddb905b24_y,6bfddb905b24,y,extracted,horizontal_bar,horizontal_bar,0.0
6c33dddc7665_x,6c33dddc7665,x,extracted,line,line,1.0
6c33dddc7665_y,6c33dddc7665,y,extracted,line,line,0.8849292062743417
6c400f7455f1_x,6c400f7455f1,x,extracted,line,line,1.0
6c400f7455f1_y,6c400f7455f1,y,extracted,line,line,0.1705913814603317
6cb3698bb629_x,6cb3698bb629,x,extracted,line,line,1.0
6cb3698bb629_y,6cb3698bb629,y,extracted,line,line,0.948208604980995
6d4d21bdc9a8_x,6d4d21bdc9a8,x,extracted,scatter,scatter,0.0
6d4d21bdc9a8_y,6d4d21bdc9a8,y,extracted,scatter,scatter,0.0
6d6197f83e0e_x,6d6197f83e0e,x,extracted,vertical_bar,vertical_bar,1.0
6d6197f83e0e_y,6d6197f83e0e,y,extracted,vertical_bar,vertical_bar,0.9504595898059702
6dbb0ee3e164_x,6dbb0ee3e164,x,extracted,line,line,1.0
6dbb0ee3e164_y,6dbb0ee3e164,y,extracted,line,line,0.21015291194587005
6dc9181c0b1c_x,6dc9181c0b1c,x,extracted,scatter,scatter,0.0
6dc9181c0b1c_y,6dc9181c0b1c,y,extracted,scatter,scatter,0.0
6dd91099b5f4_x,6dd91099b5f4,x,extracted,vertical_bar,vertical_bar,1.0
6dd91099b5f4_y,6dd91099b5f4,y,extracted,vertical_bar,vertical_bar,0.9819913826788187
6e11ee43f6a9_x,6e11ee43f6a9,x,extracted,horizontal_bar,horizontal_bar,0.4677014030991531
6e11ee43f6a9_y,6e11ee43f6a9,y,extracted,horizontal_bar,horizontal_bar,1.0
6e4348c30e13_x,6e4348c30e13,x,extracted,vertical_bar,vertical_bar,1.0
6e4348c30e13_y,6e4348c30e13,y,extracted,vertical_bar,vertical_bar,0.9935813478958679
6f24707f602a_x,6f24707f602a,x,extracted,vertical_bar,vertical_bar,1.0
6f24707f602a_y,6f24707f602a,y,extracted,vertical_bar,vertical_bar,0.9768183921799085
6f29f0b635c4_x,6f29f0b635c4,x,extracted,line,line,1.0
6f29f0b635c4_y,6f29f0b635c4,y,extracted,line,line,0.8810350852603954
6f36d53ecec8_x,6f36d53ecec8,x,extracted,line,line,0.0
6f36d53ecec8_y,6f36d53ecec8,y,extracted,line,line,0.0
6f63ecffc344_x,6f63ecffc344,x,extracted,line,line,1.0
6f63ecffc344_y,6f63ecffc344,y,extracted,line,line,0.0
6faebddfc17d_x,6faebddfc17d,x,extracted,vertical_bar,vertical_bar,1.0
6faebddfc17d_y,6faebddfc17d,y,extracted,vertical_bar,vertical_bar,1.0
702307d1610a_x,702307d1610a,x,extracted,line,line,1.0
702307d1610a_y,702307d1610a,y,extracted,line,line,1.0
7036650d3cf6_x,7036650d3cf6,x,extracted,scatter,scatter,0.0
7036650d3cf6_y,7036650d3cf6,y,extracted,scatter,scatter,0.0
703e8ad18db3_x,703e8ad18db3,x,extracted,line,line,1.0
703e8ad18db3_y,703e8ad18db3,y,extracted,line,line,0.8649902563612839
714b90587f2f_x,714b90587f2f,x,extracted,line,line,1.0
714b90587f2f_y,714b90587f2f,y,extracted,line,line,0.9430558420015973
71a7688ac59a_x,71a7688ac59a,x,extracted,line,line,1.0
71a7688ac59a_y,71a7688ac59a,y,extracted,line,line,0.9637116176340652
71f4218982b9_x,71f4218982b9,x,extracted,line,line,1.0
71f4218982b9_y,71f4218982b9,y,extracted,line,line,0.0
722ecbeeec0e_x,722ecbeeec0e,x,extracted,scatter,scatter,0.0
722ecbeeec0e_y,722ecbeeec0e,y,extracted,scatter,scatter,0.0
725201a26cf4_x,725201a26cf4,x,extracted,horizontal_bar,horizontal_bar,0.0
725201a26cf4_y,725201a26cf4,y,extracted,horizontal_bar,horizontal_bar,0.0
72802b024d53_x,72802b024d53,x,extracted,line,line,0.0
72802b024d53_y,72802b024d53,y,extracted,line,line,0.0
72eb189e7248_x,72eb189e7248,x,extracted,horizontal_bar,horizontal_bar,0.0
72eb189e7248_y,72eb189e7248,y,extracted,horizontal_bar,horizontal_bar,1.0
733b73c1b954_x,733b73c1b954,x,extracted,vertical_bar,vertical_bar,1.0
733b73c1b954_y,733b73c1b954,y,extracted,vertical_bar,vertical_bar,1.0
735ad87528eb_x,735ad87528eb,x,extracted,scatter,scatter,0.0
735ad87528eb_y,735ad87528eb,y,extracted,scatter,scatter,0.0
735d0db717a6_x,735d0db717a6,x,extracted,scatter,scatter,0.0
735d0db717a6_y,735d0db717a6,y,extracted,scatter,scatter,0.0
73a36d86a1e2_x,73a36d86a1e2,x,extracted,vertical_bar,vertical_bar,1.0
73a36d86a1e2_y,73a36d86a1e2,y,extracted,vertical_bar,vertical_bar,0.9687916114581268
73a7442d148a_x,73a7442d148a,x,extracted,line,line,1.0
73a7442d148a_y,73a7442d148a,y,extracted,line,line,0.7575458881822776
7415d3659ca7_x,7415d3659ca7,x,extracted,vertical_bar,vertical_bar,0.9704228305042057
7415d3659ca7_y,7415d3659ca7,y,extracted,vertical_bar,vertical_bar,0.9834085679756672
74220cf817a2_x,74220cf817a2,x,extracted,vertical_bar,vertical_bar,1.0
74220cf817a2_y,74220cf817a2,y,extracted,vertical_bar,vertical_bar,0.7183016951474612
74e62f039e99_x,74e62f039e99,x,extracted,line,line,1.0
74e62f039e99_y,74e62f039e99,y,extracted,line,line,0.8910508148910978
74efc32e2b57_x,74efc32e2b57,x,extracted,line,line,1.0
74efc32e2b57_y,74efc32e2b57,y,extracted,line,line,0.0
7500071ea622_x,7500071ea622,x,extracted,line,line,1.0
7500071ea622_y,7500071ea622,y,extracted,line,line,0.0
750aca2bce30_x,750aca2bce30,x,extracted,line,line,0.0
750aca2bce30_y,750aca2bce30,y,extracted,line,line,0.0
7581dee94bc4_x,7581dee94bc4,x,extracted,line,scatter,0.0
7581dee94bc4_y,7581dee94bc4,y,extracted,line,scatter,0.0
7584e2aab8cb_x,7584e2aab8cb,x,extracted,scatter,scatter,0.0
7584e2aab8cb_y,7584e2aab8cb,y,extracted,scatter,scatter,0.0
761362d82fdf_x,761362d82fdf,x,extracted,line,line,0.0
761362d82fdf_y,761362d82fdf,y,extracted,line,line,0.0
761dadc65d3e_x,761dadc65d3e,x,extracted,vertical_bar,vertical_bar,1.0
761dadc65d3e_y,761dadc65d3e,y,extracted,vertical_bar,vertical_bar,0.4577452649261624
76321e66ad6f_x,76321e66ad6f,x,extracted,vertical_bar,vertical_bar,0.0
76321e66ad6f_y,76321e66ad6f,y,extracted,vertical_bar,vertical_bar,0.0
770ef89c8d56_x,770ef89c8d56,x,extracted,line,line,1.0
770ef89c8d56_y,770ef89c8d56,y,extracted,line,line,0.7908444690161442
776d4e68243b_x,776d4e68243b,x,extracted,vertical_bar,vertical_bar,1.0
776d4e68243b_y,776d4e68243b,y,extracted,vertical_bar,vertical_bar,0.5424395490713849
77c4651ee92e_x,77c4651ee92e,x,extracted,line,line,0.0
77c4651ee92e_y,77c4651ee92e,y,extracted,line,line,0.0
780495cd2025_x,780495cd2025,x,extracted,vertical_bar,vertical_bar,0.0
780495cd2025_y,780495cd2025,y,extracted,vertical_bar,vertical_bar,0.0
783a2e654446_x,783a2e654446,x,extracted,line,line,1.0
783a2e654446_y,783a2e654446,y,extracted,line,line,0.0
7844267d391d_x,7844267d391d,x,extracted,vertical_bar,vertical_bar,0.0
7844267d391d_y,7844267d391d,y,extracted,vertical_bar,vertical_bar,0.0
78b7a78e53c9_x,78b7a78e53c9,x,extracted,vertical_bar,vertical_bar,1.0
78b7a78e53c9_y,78b7a78e53c9,y,extracted,vertical_bar,vertical_bar,0.9207909397198064
78ec6ccccca2_x,78ec6ccccca2,x,extracted,line,line,1.0
78ec6ccccca2_y,78ec6ccccca2,y,extracted,line,line,0.9633315063690362
78f94edc58cb_x,78f94edc58cb,x,extracted,vertical_bar,vertical_bar,1.0
78f94edc58cb_y,78f94edc58cb,y,extracted,vertical_bar,vertical_bar,0.9931588391790755
79118bba1c7a_x,79118bba1c7a,x,extracted,line,line,1.0
79118bba1c7a_y,79118bba1c7a,y,extracted,line,line,0.7726586050108772
7933768500a5_x,7933768500a5,x,extracted,vertical_bar,vertical_bar,0.992537451966294
7933768500a5_y,7933768500a5,y,extracted,vertical_bar,vertical_bar,0.9895887398808605
795a804d0cf2_x,795a804d0cf2,x,extracted,horizontal_bar,vertical_bar,0.0
795a804d0cf2_y,795a804d0cf2,y,extracted,horizontal_bar,vertical_bar,0.0
79e99968b63b_x,79e99968b63b,x,extracted,line,line,1.0
79e99968b63b_y,79e99968b63b,y,extracted,line,line,0.8264111518668966
79f4f92f0621_x,79f4f92f0621,x,extracted,vertical_bar,vertical_bar,1.0
79f4f92f0621_y,79f4f92f0621,y,extracted,vertical_bar,vertical_bar,0.9568334202705002
7a077b31fca5_x,7a077b31fca5,x,extracted,vertical_bar,vertical_bar,0.5839900790829156
7a077b31fca5_y,7a077b31fca5,y,extracted,vertical_bar,vertical_bar,0.5079150109189621
7a2b2f8e86c3_x,7a2b2f8e86c3,x,extracted,line,line,0.0
7a2b2f8e86c3_y,7a2b2f8e86c3,y,extracted,line,line,0.0
7a3fc2a489fe_x,7a3fc2a489fe,x,extracted,line,line,1.0
7a3fc2a489fe_y,7a3fc2a489fe,y,extracted,line,line,0.5587295545176856
7a598a26f73d_x,7a598a26f73d,x,extracted,vertical_bar,vertical_bar,0.0
7a598a26f73d_y,7a598a26f73d,y,extracted,vertical_bar,vertical_bar,0.0
7a78698d54e9_x,7a78698d54e9,x,extracted,vertical_bar,vertical_bar,1.0
7a78698d54e9_y,7a78698d54e9,y,extracted,vertical_bar,vertical_bar,0.9572098765916695
7abbcefb5fc1_x,7abbcefb5fc1,x,extracted,vertical_bar,vertical_bar,0.0
7abbcefb5fc1_y,7abbcefb5fc1,y,extracted,vertical_bar,vertical_bar,0.0
7af20a460068_x,7af20a460068,x,extracted,vertical_bar,vertical_bar,1.0
7af20a460068_y,7af20a460068,y,extracted,vertical_bar,vertical_bar,0.0
7be9eaca57f9_x,7be9eaca57f9,x,extracted,vertical_bar,vertical_bar,0.0
7be9eaca57f9_y,7be9eaca57f9,y,extracted,vertical_bar,vertical_bar,0.0
7cb20a60e9ba_x,7cb20a60e9ba,x,extracted,vertical_bar,vertical_bar,1.0
7cb20a60e9ba_y,7cb20a60e9ba,y,extracted,vertical_bar,vertical_bar,0.3799161635158961
7cc2b1158e11_x,7cc2b1158e11,x,extracted,vertical_bar,vertical_bar,0.6865882516905559
7cc2b1158e11_y,7cc2b1158e11,y,extracted,vertical_bar,vertical_bar,0.9640298678714248
7d0428d90aec_x,7d0428d90aec,x,extracted,line,line,1.0
7d0428d90aec_y,7d0428d90aec,y,extracted,line,line,0.9654343374235785
7d2591b4e1b3_x,7d2591b4e1b3,x,extracted,vertical_bar,vertical_bar,0.5525707053797915
7d2591b4e1b3_y,7d2591b4e1b3,y,extracted,vertical_bar,vertical_bar,6.324718526684592e-12
7d67729a6c28_x,7d67729a6c28,x,extracted,line,line,1.0
7d67729a6c28_y,7d67729a6c28,y,extracted,line,line,0.34589397539758315
7d9356ed088c_x,7d9356ed088c,x,extracted,vertical_bar,vertical_bar,1.0
7d9356ed088c_y,7d9356ed088c,y,extracted,vertical_bar,vertical_bar,0.4696668440065028
7df4eacff680_x,7df4eacff680,x,extracted,vertical_bar,vertical_bar,0.0
7df4eacff680_y,7df4eacff680,y,extracted,vertical_bar,vertical_bar,0.0
7df9c8e7e69f_x,7df9c8e7e69f,x,extracted,vertical_bar,vertical_bar,1.0
7df9c8e7e69f_y,7df9c8e7e69f,y,extracted,vertical_bar,vertical_bar,0.9709657748996308
7dfde4a8afb2_x,7dfde4a8afb2,x,extracted,scatter,scatter,0.0
7dfde4a8afb2_y,7dfde4a8afb2,y,extracted,scatter,scatter,0.0
7e59cfbbdd0a_x,7e59cfbbdd0a,x,extracted,scatter,scatter,0.0
7e59cfbbdd0a_y,7e59cfbbdd0a,y,extracted,scatter,scatter,0.0
7e6e3c247c33_x,7e6e3c247c33,x,extracted,vertical_bar,vertical_bar,0.0
7e6e3c247c33_y,7e6e3c247c33,y,extracted,vertical_bar,vertical_bar,0.0
7e85a0f7a92f_x,7e85a0f7a92f,x,extracted,vertical_bar,vertical_bar,0.0
7e85a0f7a92f_y,7e85a0f7a92f,y,extracted,vertical_bar,vertical_bar,0.0
7ed44e4f56a3_x,7ed44e4f56a3,x,extracted,vertical_bar,vertical_bar,0.0
7ed44e4f56a3_y,7ed44e4f56a3,y,extracted,vertical_bar,vertical_bar,0.0
7ee6cf9387a7_x,7ee6cf9387a7,x,extracted,line,line,1.0
7ee6cf9387a7_y,7ee6cf9387a7,y,extracted,line,line,0.0
7f85b15510c4_x,7f85b15510c4,x,extracted,scatter,scatter,0.0
7f85b15510c4_y,7f85b15510c4,y,extracted,scatter,scatter,0.0
7fb0fad0a3af_x,7fb0fad0a3af,x,extracted,vertical_bar,vertical_bar,1.0
7fb0fad0a3af_y,7fb0fad0a3af,y,extracted,vertical_bar,vertical_bar,0.9808070463998027
7ff2c0011802_x,7ff2c0011802,x,extracted,line,line,1.0
7ff2c0011802_y,7ff2c0011802,y,extracted,line,line,0.8614195378257501
7ff908f26cb3_x,7ff908f26cb3,x,extracted,vertical_bar,vertical_bar,1.0
7ff908f26cb3_y,7ff908f26cb3,y,extracted,vertical_bar,vertical_bar,0.017328274687927303
804892fd9f02_x,804892fd9f02,x,extracted,vertical_bar,vertical_bar,0.992063658694633
804892fd9f02_y,804892fd9f02,y,extracted,vertical_bar,vertical_bar,0.9227525904884615
80551451b1dd_x,80551451b1dd,x,extracted,line,line,1.0
80551451b1dd_y,80551451b1dd,y,extracted,line,line,0.9844212577582856
8064fd969f49_x,8064fd969f49,x,extracted,line,line,1.0
8064fd969f49_y,8064fd969f49,y,extracted,line,line,0.8843055487724374
80a0cc8885ea_x,80a0cc8885ea,x,extracted,vertical_bar,vertical_bar,0.9797325055157962
80a0cc8885ea_y,80a0cc8885ea,y,extracted,vertical_bar,vertical_bar,0.9942583847188629
80e636956c4a_x,80e636956c4a,x,extracted,vertical_bar,vertical_bar,1.0
80e636956c4a_y,80e636956c4a,y,extracted,vertical_bar,vertical_bar,0.0
820d4d58c14b_x,820d4d58c14b,x,extracted,scatter,scatter,0.0
820d4d58c14b_y,820d4d58c14b,y,extracted,scatter,scatter,0.0
827f20fdaa87_x,827f20fdaa87,x,extracted,vertical_bar,vertical_bar,0.9934211475478052
827f20fdaa87_y,827f20fdaa87,y,extracted,vertical_bar,vertical_bar,0.944183935567797
82c3706f2698_x,82c3706f2698,x,extracted,scatter,scatter,0.0
82c3706f2698_y,82c3706f2698,y,extracted,scatter,scatter,0.0
83a2f1974ab6_x,83a2f1974ab6,x,extracted,line,line,1.0
83a2f1974ab6_y,83a2f1974ab6,y,extracted,line,line,0.8781227909586959
83f09fe90c8d_x,83f09fe90c8d,x,extracted,line,line,1.0
83f09fe90c8d_y,83f09fe90c8d,y,extracted,line,line,0.9270843651305027
83f761db3fd6_x,83f761db3fd6,x,extracted,line,line,0.0
83f761db3fd6_y,83f761db3fd6,y,extracted,line,line,0.5662447190821189
84495c08bf9b_x,84495c08bf9b,x,extracted,line,line,1.0
84495c08bf9b_y,84495c08bf9b,y,extracted,line,line,0.5285896847788836
84cf900c5cb0_x,84cf900c5cb0,x,extracted,vertical_bar,vertical_bar,0.0
84cf900c5cb0_y,84cf900c5cb0,y,extracted,vertical_bar,vertical_bar,0.0
85116b0c2902_x,85116b0c2902,x,extracted,line,line,1.0
85116b0c2902_y,85116b0c2902,y,extracted,line,line,0.9471964760070093
855b6cf38c6a_x,855b6cf38c6a,x,extracted,scatter,scatter,0.0
855b6cf38c6a_y,855b6cf38c6a,y,extracted,scatter,scatter,0.9339797383518322
85c1911b5df1_x,85c1911b5df1,x,extracted,vertical_bar,vertical_bar,1.0
85c1911b5df1_y,85c1911b5df1,y,extracted,vertical_bar,vertical_bar,0.979887728433247
861629cc110a_x,861629cc110a,x,extracted,vertical_bar,vertical_bar,1.0
861629cc110a_y,861629cc110a,y,extracted,vertical_bar,vertical_bar,0.0
863aaf7321ce_x,863aaf7321ce,x,extracted,line,line,0.0
863aaf7321ce_y,863aaf7321ce,y,extracted,line,line,0.0
8643c36273d8_x,8643c36273d8,x,extracted,vertical_bar,vertical_bar,0.9772766395623262
8643c36273d8_y,8643c36273d8,y,extracted,vertical_bar,vertical_bar,0.692857124950125
86e22003d499_x,86e22003d499,x,extracted,scatter,scatter,0.0
86e22003d499_y,86e22003d499,y,extracted,scatter,scatter,0.7782778020203704
86e8a3eea425_x,86e8a3eea425,x,extracted,scatter,scatter,0.0
86e8a3eea425_y,86e8a3eea425,y,extracted,scatter,scatter,0.0
86fcb82cf58f_x,86fcb82cf58f,x,extracted,line,line,1.0
86fcb82cf58f_y,86fcb82cf58f,y,extracted,line,line,0.9905955474692214
8747e2c342a1_x,8747e2c342a1,x,extracted,line,line,1.0
8747e2c342a1_y,8747e2c342a1,y,extracted,line,line,0.0
87566d329559_x,87566d329559,x,extracted,scatter,scatter,0.0
87566d329559_y,87566d329559,y,extracted,scatter,scatter,0.0
87872e625414_x,87872e625414,x,extracted,vertical_bar,vertical_bar,1.0
87872e625414_y,87872e625414,y,extracted,vertical_bar,vertical_bar,0.9240899726622767
87ae0a1d5476_x,87ae0a1d5476,x,extracted,line,line,1.0
87ae0a1d5476_y,87ae0a1d5476,y,extracted,line,line,0.9643816360771258
87d2ecdf4ab9_x,87d2ecdf4ab9,x,extracted,scatter,scatter,0.0
87d2ecdf4ab9_y,87d2ecdf4ab9,y,extracted,scatter,scatter,0.0
8814b24e6481_x,8814b24e6481,x,extracted,scatter,line,0.0
8814b24e6481_y,8814b24e6481,y,extracted,scatter,line,0.0
8817acd9878e_x,8817acd9878e,x,extracted,line,line,1.0
8817acd9878e_y,8817acd9878e,y,extracted,line,line,5.562427340444209e-05
8896a4248e24_x,8896a4248e24,x,extracted,line,line,1.0
8896a4248e24_y,8896a4248e24,y,extracted,line,line,0.198156142986893
88bf97c50204_x,88bf97c50204,x,extracted,scatter,scatter,0.0
88bf97c50204_y,88bf97c50204,y,extracted,scatter,scatter,0.0
88f835cc12db_x,88f835cc12db,x,extracted,scatter,scatter,0.0
88f835cc12db_y,88f835cc12db,y,extracted,scatter,scatter,0.0
895fb5c35a27_x,895fb5c35a27,x,extracted,vertical_bar,vertical_bar,1.0
895fb5c35a27_y,895fb5c35a27,y,extracted,vertical_bar,vertical_bar,0.9624338175643223
8a5e878a4bc0_x,8a5e878a4bc0,x,extracted,vertical_bar,vertical_bar,0.0
8a5e878a4bc0_y,8a5e878a4bc0,y,extracted,vertical_bar,vertical_bar,0.0
8aba65374b0b_x,8aba65374b0b,x,extracted,horizontal_bar,vertical_bar,0.0
8aba65374b0b_y,8aba65374b0b,y,extracted,horizontal_bar,vertical_bar,0.0
8ad89a001e54_x,8ad89a001e54,x,extracted,vertical_bar,vertical_bar,1.0
8ad89a001e54_y,8ad89a001e54,y,extracted,vertical_bar,vertical_bar,0.9939887598696802
8b08dc2d3b10_x,8b08dc2d3b10,x,extracted,horizontal_bar,vertical_bar,0.0
8b08dc2d3b10_y,8b08dc2d3b10,y,extracted,horizontal_bar,vertical_bar,0.0
8b51770e3e6a_x,8b51770e3e6a,x,extracted,line,line,1.0
8b51770e3e6a_y,8b51770e3e6a,y,extracted,line,line,0.0
8b6935f7ef04_x,8b6935f7ef04,x,extracted,horizontal_bar,horizontal_bar,0.0
8b6935f7ef04_y,8b6935f7ef04,y,extracted,horizontal_bar,horizontal_bar,0.0
8b745c0ece6d_x,8b745c0ece6d,x,extracted,vertical_bar,vertical_bar,0.970882019888808
8b745c0ece6d_y,8b745c0ece6d,y,extracted,vertical_bar,vertical_bar,0.9839964585444076
8b7ca6d03e39_x,8b7ca6d03e39,x,extracted,line,line,1.0
8b7ca6d03e39_y,8b7ca6d03e39,y,extracted,line,line,0.0
8badc7929533_x,8badc7929533,x,extracted,line,line,0.0
8badc7929533_y,8badc7929533,y,extracted,line,line,0.0
8c1abab42b8b_x,8c1abab42b8b,x,extracted,line,line,1.0
8c1abab42b8b_y,8c1abab42b8b,y,extracted,line,line,0.0
8c5693064aaa_x,8c5693064aaa,x,extracted,horizontal_bar,horizontal_bar,0.0
8c5693064aaa_y,8c5693064aaa,y,extracted,horizontal_bar,horizontal_bar,0.0
8c5b3bd41491_x,8c5b3bd41491,x,extracted,line,line,1.0
8c5b3bd41491_y,8c5b3bd41491,y,extracted,line,line,0.9374365516908465
8c8b0d0ede0a_x,8c8b0d0ede0a,x,extracted,vertical_bar,vertical_bar,0.5826783499411288
8c8b0d0ede0a_y,8c8b0d0ede0a,y,extracted,vertical_bar,vertical_bar,0.987266305726805
8cf19c9fe46c_x,8cf19c9fe46c,x,extracted,scatter,scatter,0.0
8cf19c9fe46c_y,8cf19c9fe46c,y,extracted,scatter,scatter,0.0
8d10906efaea_x,8d10906efaea,x,extracted,line,line,1.0
8d10906efaea_y,8d10906efaea,y,extracted,line,line,0.8939301833893629
8d1e32a60020_x,8d1e32a60020,x,extracted,line,line,1.0
8d1e32a60020_y,8d1e32a60020,y,extracted,line,line,0.0
8d2e75a27730_x,8d2e75a27730,x,extracted,line,line,1.0
8d2e75a27730_y,8d2e75a27730,y,extracted,line,line,0.8726238572866032
8d685e05c3be_x,8d685e05c3be,x,extracted,vertical_bar,vertical_bar,0.9400718964708565
8d685e05c3be_y,8d685e05c3be,y,extracted,vertical_bar,vertical_bar,0.959489395705744
8e4ef03c99e9_x,8e4ef03c99e9,x,extracted,scatter,scatter,0.0
8e4ef03c99e9_y,8e4ef03c99e9,y,extracted,scatter,scatter,0.0
8e6adab396d9_x,8e6adab396d9,x,extracted,vertical_bar,vertical_bar,0.9943182429595474
8e6adab396d9_y,8e6adab396d9,y,extracted,vertical_bar,vertical_bar,1.0
8e71f5f4f2d2_x,8e71f5f4f2d2,x,extracted,vertical_bar,vertical_bar,0.0
8e71f5f4f2d2_y,8e71f5f4f2d2,y,extracted,vertical_bar,vertical_bar,0.0
8ede2763cf3a_x,8ede2763cf3a,x,extracted,scatter,line,0.0
8ede2763cf3a_y,8ede2763cf3a,y,extracted,scatter,line,0.0
8ee754b6b817_x,8ee754b6b817,x,extracted,line,line,1.0
8ee754b6b817_y,8ee754b6b817,y,extracted,line,line,0.9900762030222896
8ef0ccf95bec_x,8ef0ccf95bec,x,extracted,vertical_bar,vertical_bar,0.992063658694633
8ef0ccf95bec_y,8ef0ccf95bec,y,extracted,vertical_bar,vertical_bar,0.9087491363445404
8f3b7c6c5aff_x,8f3b7c6c5aff,x,extracted,vertical_bar,vertical_bar,0.620051037744775
8f3b7c6c5aff_y,8f3b7c6c5aff,y,extracted,vertical_bar,vertical_bar,0.0
8f678bd731ba_x,8f678bd731ba,x,extracted,vertical_bar,vertical_bar,0.0
8f678bd731ba_y,8f678bd731ba,y,extracted,vertical_bar,vertical_bar,0.0
8ff78de0c88f_x,8ff78de0c88f,x,extracted,line,line,1.0
8ff78de0c88f_y,8ff78de0c88f,y,extracted,line,line,0.7768125534954387
9071b0c02566_x,9071b0c02566,x,extracted,vertical_bar,vertical_bar,1.0
9071b0c02566_y,9071b0c02566,y,extracted,vertical_bar,vertical_bar,0.9830301975285634
9079aee24f67_x,9079aee24f67,x,extracted,line,line,1.0
9079aee24f67_y,9079aee24f67,y,extracted,line,line,0.8651334952082466
907a3df22c06_x,907a3df22c06,x,extracted,line,line,1.0
907a3df22c06_y,907a3df22c06,y,extracted,line,line,0.891314312035729
907a4cbc9ff1_x,907a4cbc9ff1,x,extracted,line,line,0.0
907a4cbc9ff1_y,907a4cbc9ff1,y,extracted,line,line,0.0
9092699b6681_x,9092699b6681,x,extracted,vertical_bar,vertical_bar,0.9149784842448145
9092699b6681_y,9092699b6681,y,extracted,vertical_bar,vertical_bar,0.7889499173563512
90a8c26ad155_x,90a8c26ad155,x,extracted,line,line,0.0
90a8c26ad155_y,90a8c26ad155,y,extracted,line,line,0.0
90c504a8b320_x,90c504a8b320,x,extracted,scatter,scatter,0.3192774338601203
90c504a8b320_y,90c504a8b320,y,extracted,scatter,scatter,0.0
90d455f1e107_x,90d455f1e107,x,extracted,vertical_bar,vertical_bar,1.0
90d455f1e107_y,90d455f1e107,y,extracted,vertical_bar,vertical_bar,0.728766132127544
90eaf488a44d_x,90eaf488a44d,x,extracted,scatter,scatter,0.0
90eaf488a44d_y,90eaf488a44d,y,extracted,scatter,scatter,0.0
913313d4d5a3_x,913313d4d5a3,x,extracted,line,line,1.0
913313d4d5a3_y,913313d4d5a3,y,extracted,line,line,0.0
9193f7226431_x,9193f7226431,x,extracted,scatter,scatter,0.0
9193f7226431_y,9193f7226431,y,extracted,scatter,scatter,0.0
920757797ac8_x,920757797ac8,x,extracted,vertical_bar,vertical_bar,1.0
920757797ac8_y,920757797ac8,y,extracted,vertical_bar,vertical_bar,0.1801633685644899
923c64d6bf49_x,923c64d6bf49,x,extracted,vertical_bar,vertical_bar,1.0
923c64d6bf49_y,923c64d6bf49,y,extracted,vertical_bar,vertical_bar,0.9475698942644641
92b97fee617f_x,92b97fee617f,x,extracted,vertical_bar,vertical_bar,0.9855082609771129
92b97fee617f_y,92b97fee617f,y,extracted,vertical_bar,vertical_bar,0.9618267158351252
92bed67d502e_x,92bed67d502e,x,extracted,line,line,1.0
92bed67d502e_y,92bed67d502e,y,extracted,line,line,1.0
92c6a2c593a0_x,92c6a2c593a0,x,extracted,vertical_bar,vertical_bar,1.0
92c6a2c593a0_y,92c6a2c593a0,y,extracted,vertical_bar,vertical_bar,0.5478677123515254
930bcd3dc9b8_x,930bcd3dc9b8,x,extracted,vertical_bar,vertical_bar,1.0
930bcd3dc9b8_y,930bcd3dc9b8,y,extracted,vertical_bar,vertical_bar,0.39011538937659695
93529b03e1d5_x,93529b03e1d5,x,extracted,vertical_bar,vertical_bar,0.0
93529b03e1d5_y,93529b03e1d5,y,extracted,vertical_bar,vertical_bar,0.0
94078478a79c_x,94078478a79c,x,extracted,vertical_bar,vertical_bar,1.0
94078478a79c_y,94078478a79c,y,extracted,vertical_bar,vertical_bar,1.0
945a1a3d3856_x,945a1a3d3856,x,extracted,vertical_bar,vertical_bar,0.9251403093125008
945a1a3d3856_y,945a1a3d3856,y,extracted,vertical_bar,vertical_bar,0.26943688151489287
9473b443b220_x,9473b443b220,x,extracted,line,line,1.0
9473b443b220_y,9473b443b220,y,extracted,line,line,0.9375093532089072
947b72950813_x,947b72950813,x,extracted,vertical_bar,vertical_bar,1.0
947b72950813_y,947b72950813,y,extracted,vertical_bar,vertical_bar,0.6868424818909358
94a6c42b3adf_x,94a6c42b3adf,x,extracted,line,line,0.0
94a6c42b3adf_y,94a6c42b3adf,y,extracted,line,line,0.0
94dd52c2a32f_x,94dd52c2a32f,x,extracted,vertical_bar,vertical_bar,1.0
94dd52c2a32f_y,94dd52c2a32f,y,extracted,vertical_bar,vertical_bar,0.9770042355018607
954882c89e1e_x,954882c89e1e,x,extracted,vertical_bar,line,0.0
954882c89e1e_y,954882c89e1e,y,extracted,vertical_bar,line,0.0
9566fffd6e0e_x,9566fffd6e0e,x,extracted,vertical_bar,vertical_bar,0.5568124907992875
9566fffd6e0e_y,9566fffd6e0e,y,extracted,vertical_bar,vertical_bar,1.0
95812fbd6f6d_x,95812fbd6f6d,x,extracted,line,line,0.0
95812fbd6f6d_y,95812fbd6f6d,y,extracted,line,line,0.0
95c32921f6c4_x,95c32921f6c4,x,extracted,line,line,1.0
95c32921f6c4_y,95c32921f6c4,y,extracted,line,line,0.8399742765274953
95d1a52db0c0_x,95d1a52db0c0,x,extracted,scatter,scatter,0.0
95d1a52db0c0_y,95d1a52db0c0,y,extracted,scatter,scatter,0.0
95e6ee7aebeb_x,95e6ee7aebeb,x,extracted,vertical_bar,vertical_bar,1.0
95e6ee7aebeb_y,95e6ee7aebeb,y,extracted,vertical_bar,vertical_bar,1.0
965a255b85b7_x,965a255b85b7,x,extracted,line,line,1.0
965a255b85b7_y,965a255b85b7,y,extracted,line,line,0.8165440099921895
96a48d3cbcba_x,96a48d3cbcba,x,extracted,line,line,1.0
96a48d3cbcba_y,96a48d3cbcba,y,extracted,line,line,0.6125213354596712
96dcbfd55cbc_x,96dcbfd55cbc,x,extracted,vertical_bar,vertical_bar,1.0
96dcbfd55cbc_y,96dcbfd55cbc,y,extracted,vertical_bar,vertical_bar,0.9827738011012499
9766dcf70673_x,9766dcf70673,x,extracted,vertical_bar,vertical_bar,1.0
9766dcf70673_y,9766dcf70673,y,extracted,vertical_bar,vertical_bar,0.9825059875402629
97a81e7f6aeb_x,97a81e7f6aeb,x,extracted,line,line,1.0
97a81e7f6aeb_y,97a81e7f6aeb,y,extracted,line,line,0.9527899984482371
97ee37f7e765_x,97ee37f7e765,x,extracted,vertical_bar,vertical_bar,1.0
97ee37f7e765_y,97ee37f7e765,y,extracted,vertical_bar,vertical_bar,0.0
98378ddcc462_x,98378ddcc462,x,extracted,vertical_bar,vertical_bar,1.0
98378ddcc462_y,98378ddcc462,y,extracted,vertical_bar,vertical_bar,1.0
9885a8b8f0d4_x,9885a8b8f0d4,x,extracted,line,line,1.0
9885a8b8f0d4_y,9885a8b8f0d4,y,extracted,line,line,0.8854665438774658
98c359eb205e_x,98c359eb205e,x,extracted,vertical_bar,vertical_bar,1.0
98c359eb205e_y,98c359eb205e,y,extracted,vertical_bar,vertical_bar,0.0
98e63edc1c82_x,98e63edc1c82,x,extracted,scatter,scatter,0.0
98e63edc1c82_y,98e63edc1c82,y,extracted,scatter,scatter,0.0
98ea78bd843d_x,98ea78bd843d,x,extracted,line,line,1.0
98ea78bd843d_y,98ea78bd843d,y,extracted,line,line,0.8260982590223966
992e2e6286b5_x,992e2e6286b5,x,extracted,scatter,scatter,0.0
992e2e6286b5_y,992e2e6286b5,y,extracted,scatter,scatter,0.0
996fc1c90e80_x,996fc1c90e80,x,extracted,horizontal_bar,dot,0.0
996fc1c90e80_y,996fc1c90e80,y,extracted,horizontal_bar,dot,0.0
99913eba51c2_x,99913eba51c2,x,extracted,line,line,0.9900003333200005
99913eba51c2_y,99913eba51c2,y,extracted,line,line,0.9540660935196885
99956251ac05_x,99956251ac05,x,extracted,line,line,1.0
99956251ac05_y,99956251ac05,y,extracted,line,line,0.9811442463597824
99db8ce9df3e_x,99db8ce9df3e,x,extracted,vertical_bar,vertical_bar,0.9861887235776259
99db8ce9df3e_y,99db8ce9df3e,y,extracted,vertical_bar,vertical_bar,0.0
99fa2ad68652_x,99fa2ad68652,x,extracted,vertical_bar,vertical_bar,1.0
99fa2ad68652_y,99fa2ad68652,y,extracted,vertical_bar,vertical_bar,0.6537230605065729
9a1c4d7624fe_x,9a1c4d7624fe,x,extracted,vertical_bar,vertical_bar,1.0
9a1c4d7624fe_y,9a1c4d7624fe,y,extracted,vertical_bar,vertical_bar,1.0
9a685a8a6145_x,9a685a8a6145,x,extracted,vertical_bar,vertical_bar,1.0
9a685a8a6145_y,9a685a8a6145,y,extracted,vertical_bar,vertical_bar,0.6997351226252648
9a802aa6da01_x,9a802aa6da01,x,extracted,scatter,scatter,0.0
9a802aa6da01_y,9a802aa6da01,y,extracted,scatter,scatter,0.0
9a98aba0bdda_x,9a98aba0bdda,x,extracted,line,line,1.0
9a98aba0bdda_y,9a98aba0bdda,y,extracted,line,line,0.0
9af7a21577d5_x,9af7a21577d5,x,extracted,line,line,1.0
9af7a21577d5_y,9af7a21577d5,y,extracted,line,line,0.2502008196834702
9affc9b7cb76_x,9affc9b7cb76,x,extracted,vertical_bar,vertical_bar,0.0
9affc9b7cb76_y,9affc9b7cb76,y,extracted,vertical_bar,vertical_bar,0.0
9b009ada3d57_x,9b009ada3d57,x,extracted,vertical_bar,vertical_bar,1.0
9b009ada3d57_y,9b009ada3d57,y,extracted,vertical_bar,vertical_bar,0.7772342336328162
9b17a92cb282_x,9b17a92cb282,x,extracted,line,line,1.0
9b17a92cb282_y,9b17a92cb282,y,extracted,line,line,0.2266983701185188
9b591edff796_x,9b591edff796,x,extracted,scatter,scatter,0.0
9b591edff796_y,9b591edff796,y,extracted,scatter,scatter,0.0
9b62dbdded7b_x,9b62dbdded7b,x,extracted,scatter,scatter,0.0
9b62dbdded7b_y,9b62dbdded7b,y,extracted,scatter,scatter,0.0
9b95f34d506d_x,9b95f34d506d,x,extracted,line,line,1.0
9b95f34d506d_y,9b95f34d506d,y,extracted,line,line,0.9210298588489345
9bce11507ac1_x,9bce11507ac1,x,extracted,line,vertical_bar,0.0
9bce11507ac1_y,9bce11507ac1,y,extracted,line,vertical_bar,0.0
9bfa3bb095ea_x,9bfa3bb095ea,x,extracted,vertical_bar,vertical_bar,1.0
9bfa3bb095ea_y,9bfa3bb095ea,y,extracted,vertical_bar,vertical_bar,0.9175875559294207
9c0067e056df_x,9c0067e056df,x,extracted,line,line,0.0
9c0067e056df_y,9c0067e056df,y,extracted,line,line,0.0
9c332f1e9780_x,9c332f1e9780,x,extracted,vertical_bar,vertical_bar,0.6137308759530236
9c332f1e9780_y,9c332f1e9780,y,extracted,vertical_bar,vertical_bar,0.9961896802891306
9d7688ae52b6_x,9d7688ae52b6,x,extracted,vertical_bar,vertical_bar,0.0
9d7688ae52b6_y,9d7688ae52b6,y,extracted,vertical_bar,vertical_bar,0.0
9d7726411e2c_x,9d7726411e2c,x,extracted,line,line,0.0
9d7726411e2c_y,9d7726411e2c,y,extracted,line,line,0.0
9e0e89585476_x,9e0e89585476,x,extracted,scatter,scatter,0.0
9e0e89585476_y,9e0e89585476,y,extracted,scatter,scatter,0.0
9e298af850ab_x,9e298af850ab,x,extracted,vertical_bar,vertical_bar,1.0
9e298af850ab_y,9e298af850ab,y,extracted,vertical_bar,vertical_bar,0.5407707066597209
9e3dcea05671_x,9e3dcea05671,x,extracted,vertical_bar,vertical_bar,1.0
9e3dcea05671_y,9e3dcea05671,y,extracted,vertical_bar,vertical_bar,0.8978274761427778
9e71e6585d3d_x,9e71e6585d3d,x,extracted,vertical_bar,vertical_bar,1.0
9e71e6585d3d_y,9e71e6585d3d,y,extracted,vertical_bar,vertical_bar,0.4618927646459381
9e7f917ecd15_x,9e7f917ecd15,x,extracted,vertical_bar,vertical_bar,1.0
9e7f917ecd15_y,9e7f917ecd15,y,extracted,vertical_bar,vertical_bar,0.6230550935453072
9e92f2a1f9c8_x,9e92f2a1f9c8,x,extracted,vertical_bar,vertical_bar,1.0
9e92f2a1f9c8_y,9e92f2a1f9c8,y,extracted,vertical_bar,vertical_bar,0.24405249287114095
9ecd6f108527_x,9ecd6f108527,x,extracted,vertical_bar,vertical_bar,1.0
9ecd6f108527_y,9ecd6f108527,y,extracted,vertical_bar,vertical_bar,1.0
9f1d65c37557_x,9f1d65c37557,x,extracted,scatter,scatter,0.0
9f1d65c37557_y,9f1d65c37557,y,extracted,scatter,scatter,0.0
9f20b9812f98_x,9f20b9812f98,x,extracted,vertical_bar,vertical_bar,1.0
9f20b9812f98_y,9f20b9812f98,y,extracted,vertical_bar,vertical_bar,0.986402338198862
9f45b5fa180f_x,9f45b5fa180f,x,extracted,scatter,scatter,0.0
9f45b5fa180f_y,9f45b5fa180f,y,extracted,scatter,scatter,0.0
9f7a11c8e776_x,9f7a11c8e776,x,extracted,line,line,0.0
9f7a11c8e776_y,9f7a11c8e776,y,extracted,line,line,0.0
9fced04e5640_x,9fced04e5640,x,extracted,line,line,0.0
9fced04e5640_y,9fced04e5640,y,extracted,line,line,0.0
9fe1dba62628_x,9fe1dba62628,x,extracted,line,line,0.8756469982284039
9fe1dba62628_y,9fe1dba62628,y,extracted,line,line,0.9560628316457844
a041754e7137_x,a041754e7137,x,extracted,line,line,1.0
a041754e7137_y,a041754e7137,y,extracted,line,line,0.9856946277003125
a04a9178b37b_x,a04a9178b37b,x,extracted,line,line,0.0
a04a9178b37b_y,a04a9178b37b,y,extracted,line,line,0.0
a0e555df58f3_x,a0e555df58f3,x,extracted,scatter,scatter,0.0
a0e555df58f3_y,a0e555df58f3,y,extracted,scatter,scatter,0.0
a16cc26a7cb7_x,a16cc26a7cb7,x,extracted,vertical_bar,vertical_bar,1.0
a16cc26a7cb7_y,a16cc26a7cb7,y,extracted,vertical_bar,vertical_bar,1.0
a17058ef0f76_x,a17058ef0f76,x,extracted,vertical_bar,vertical_bar,1.0
a17058ef0f76_y,a17058ef0f76,y,extracted,vertical_bar,vertical_bar,1.0
a1ac0e7014c0_x,a1ac0e7014c0,x,extracted,line,line,0.992187658941839
a1ac0e7014c0_y,a1ac0e7014c0,y,extracted,line,line,0.9790487522485785
a20b3b8e3f35_x,a20b3b8e3f35,x,extracted,vertical_bar,vertical_bar,1.0
a20b3b8e3f35_y,a20b3b8e3f35,y,extracted,vertical_bar,vertical_bar,1.0
a220384396b6_x,a220384396b6,x,extracted,vertical_bar,vertical_bar,1.0
a220384396b6_y,a220384396b6,y,extracted,vertical_bar,vertical_bar,0.9860411191649598
a29e838e50f3_x,a29e838e50f3,x,extracted,scatter,scatter,0.0
a29e838e50f3_y,a29e838e50f3,y,extracted,scatter,scatter,0.0
a311643a2dae_x,a311643a2dae,x,extracted,scatter,scatter,0.9945254461001687
a311643a2dae_y,a311643a2dae,y,extracted,scatter,scatter,0.9633264853023833
a357a4398cb9_x,a357a4398cb9,x,extracted,vertical_bar,vertical_bar,1.0
a357a4398cb9_y,a357a4398cb9,y,extracted,vertical_bar,vertical_bar,0.9712484053218982
a36dd45a2c82_x,a36dd45a2c82,x,extracted,vertical_bar,vertical_bar,0.0
a36dd45a2c82_y,a36dd45a2c82,y,extracted,vertical_bar,vertical_bar,0.0
a3842ddccf8a_x,a3842ddccf8a,x,extracted,line,line,1.0
a3842ddccf8a_y,a3842ddccf8a,y,extracted,line,line,0.0
a3b2ac0b042b_x,a3b2ac0b042b,x,extracted,line,line,1.0
a3b2ac0b042b_y,a3b2ac0b042b,y,extracted,line,line,0.9634802611277729
a422f3b83b67_x,a422f3b83b67,x,extracted,line,line,1.0
a422f3b83b67_y,a422f3b83b67,y,extracted,line,line,0.25865245837278206
a4263962eb1d_x,a4263962eb1d,x,extracted,vertical_bar,vertical_bar,0.9583574292545141
a4263962eb1d_y,a4263962eb1d,y,extracted,vertical_bar,vertical_bar,1.0
a45ae3b0714b_x,a45ae3b0714b,x,extracted,vertical_bar,vertical_bar,1.0
a45ae3b0714b_y,a45ae3b0714b,y,extracted,vertical_bar,vertical_bar,1.0
a4778b318110_x,a4778b318110,x,extracted,line,line,0.0
a4778b318110_y,a4778b318110,y,extracted,line,line,0.0
a4871b0a58c8_x,a4871b0a58c8,x,extracted,vertical_bar,vertical_bar,1.0
a4871b0a58c8_y,a4871b0a58c8,y,extracted,vertical_bar,vertical_bar,0.9703678237665789
a4dfb7b483fd_x,a4dfb7b483fd,x,extracted,vertical_bar,vertical_bar,0.0
a4dfb7b483fd_y,a4dfb7b483fd,y,extracted,vertical_bar,vertical_bar,0.0
a4fc0ab1c993_x,a4fc0ab1c993,x,extracted,vertical_bar,vertical_bar,0.9875006510009792
a4fc0ab1c993_y,a4fc0ab1c993,y,extracted,vertical_bar,vertical_bar,0.6255775911393777
a53c11d698b1_x,a53c11d698b1,x,extracted,scatter,vertical_bar,0.0
a53c11d698b1_y,a53c11d698b1,y,extracted,scatter,vertical_bar,0.0
a53f7b3f926e_x,a53f7b3f926e,x,extracted,line,line,1.0
a53f7b3f926e_y,a53f7b3f926e,y,extracted,line,line,0.9595726087212193
a5576daccaf0_x,a5576daccaf0,x,extracted,scatter,scatter,0.0
a5576daccaf0_y,a5576daccaf0,y,extracted,scatter,scatter,0.0
a55b24ecf5d3_x,a55b24ecf5d3,x,extracted,line,line,1.0
a55b24ecf5d3_y,a55b24ecf5d3,y,extracted,line,line,0.9812620211517142
a5b97a9db8b0_x,a5b97a9db8b0,x,extracted,line,line,1.0
a5b97a9db8b0_y,a5b97a9db8b0,y,extracted,line,line,0.9583416973101047
a5c2aa7ee0d9_x,a5c2aa7ee0d9,x,extracted,line,line,1.0
a5c2aa7ee0d9_y,a5c2aa7ee0d9,y,extracted,line,line,0.37042345856068426
a613be731d61_x,a613be731d61,x,extracted,vertical_bar,vertical_bar,0.0
a613be731d61_y,a613be731d61,y,extracted,vertical_bar,vertical_bar,0.0
a65820c06d60_x,a65820c06d60,x,extracted,line,line,1.0
a65820c06d60_y,a65820c06d60,y,extracted,line,line,0.974981663012948
a69658724cbc_x,a69658724cbc,x,extracted,line,line,0.0
a69658724cbc_y,a69658724cbc,y,extracted,line,line,0.0
a6a8b4815ad9_x,a6a8b4815ad9,x,extracted,line,line,0.0
a6a8b4815ad9_y,a6a8b4815ad9,y,extracted,line,line,0.0
a754866f0bee_x,a754866f0bee,x,extracted,vertical_bar,vertical_bar,1.0
a754866f0bee_y,a754866f0bee,y,extracted,vertical_bar,vertical_bar,0.8494753505410806
a79ea0a24df1_x,a79ea0a24df1,x,extracted,horizontal_bar,horizontal_bar,0.0
a79ea0a24df1_y,a79ea0a24df1,y,extracted,horizontal_bar,horizontal_bar,0.0
a7a81c55df4c_x,a7a81c55df4c,x,extracted,scatter,vertical_bar,0.0
a7a81c55df4c_y,a7a81c55df4c,y,extracted,scatter,vertical_bar,0.0
a7c427646a34_x,a7c427646a34,x,extracted,vertical_bar,vertical_bar,0.9950000416662501
a7c427646a34_y,a7c427646a34,y,extracted,vertical_bar,vertical_bar,1.0
a7faaaf2d79d_x,a7faaaf2d79d,x,extracted,scatter,scatter,0.0
a7faaaf2d79d_y,a7faaaf2d79d,y,extracted,scatter,scatter,0.0
a80688cb2101_x,a80688cb2101,x,extracted,line,line,1.0
a80688cb2101_y,a80688cb2101,y,extracted,line,line,0.06743842260813326
a86b47f688fa_x,a86b47f688fa,x,extracted,line,line,0.9863022266592845
a86b47f688fa_y,a86b47f688fa,y,extracted,line,line,0.9615616475839743
a87376a07e30_x,a87376a07e30,x,extracted,vertical_bar,vertical_bar,1.0
a87376a07e30_y,a87376a07e30,y,extracted,vertical_bar,vertical_bar,0.0
a8c2475ea3bf_x,a8c2475ea3bf,x,extracted,line,line,1.0
a8c2475ea3bf_y,a8c2475ea3bf,y,extracted,line,line,0.991932263008173
a929c08108b9_x,a929c08108b9,x,extracted,vertical_bar,vertical_bar,0.0
a929c08108b9_y,a929c08108b9,y,extracted,vertical_bar,vertical_bar,0.0
a93a3073916e_x,a93a3073916e,x,extracted,line,line,0.9791696802252705
a93a3073916e_y,a93a3073916e,y,extracted,line,line,0.0
a951dda60a00_x,a951dda60a00,x,extracted,vertical_bar,vertical_bar,0.0
a951dda60a00_y,a951dda60a00,y,extracted,vertical_bar,vertical_bar,0.0
a956ec1b3eb7_x,a956ec1b3eb7,x,extracted,vertical_bar,vertical_bar,1.0
a956ec1b3eb7_y,a956ec1b3eb7,y,extracted,vertical_bar,vertical_bar,0.9831884466363736
a9a5c33a45a4_x,a9a5c33a45a4,x,extracted,vertical_bar,vertical_bar,1.0
a9a5c33a45a4_y,a9a5c33a45a4,y,extracted,vertical_bar,vertical_bar,0.9930284020721822
a9d2bad55fa1_x,a9d2bad55fa1,x,extracted,vertical_bar,vertical_bar,1.0
a9d2bad55fa1_y,a9d2bad55fa1,y,extracted,vertical_bar,vertical_bar,0.9887572850586286
aa7f0639f043_x,aa7f0639f043,x,extracted,line,line,1.0
aa7f0639f043_y,aa7f0639f043,y,extracted,line,line,0.0
aae88f31124f_x,aae88f31124f,x,extracted,line,line,1.0
aae88f31124f_y,aae88f31124f,y,extracted,line,line,0.8301206144327655
aaf384d23e9a_x,aaf384d23e9a,x,extracted,line,line,1.0
aaf384d23e9a_y,aaf384d23e9a,y,extracted,line,line,0.2896255391800049
ab3958870d31_x,ab3958870d31,x,extracted,vertical_bar,vertical_bar,1.0
ab3958870d31_y,ab3958870d31,y,extracted,vertical_bar,vertical_bar,1.0
ab97b8da252d_x,ab97b8da252d,x,extracted,line,line,0.0
ab97b8da252d_y,ab97b8da252d,y,extracted,line,line,0.0
acb8657af769_x,acb8657af769,x,extracted,vertical_bar,vertical_bar,0.9388518944152999
acb8657af769_y,acb8657af769,y,extracted,vertical_bar,vertical_bar,0.42512810277267143
acced3ddc194_x,acced3ddc194,x,extracted,line,line,1.0
acced3ddc194_y,acced3ddc194,y,extracted,line,line,0.9865992795122001
accfec347d8f_x,accfec347d8f,x,extracted,vertical_bar,vertical_bar,1.0
accfec347d8f_y,accfec347d8f,y,extracted,vertical_bar,vertical_bar,1.0
ad05bc45c814_x,ad05bc45c814,x,extracted,vertical_bar,vertical_bar,0.6907895696723776
ad05bc45c814_y,ad05bc45c814,y,extracted,vertical_bar,vertical_bar,0.0
ad1552e96b1e_x,ad1552e96b1e,x,extracted,line,line,0.0
ad1552e96b1e_y,ad1552e96b1e,y,extracted,line,line,0.8294273441645257
ad1e8c480eee_x,ad1e8c480eee,x,extracted,scatter,scatter,0.0
ad1e8c480eee_y,ad1e8c480eee,y,extracted,scatter,scatter,0.0
ad64c6babfef_x,ad64c6babfef,x,extracted,line,line,1.0
ad64c6babfef_y,ad64c6babfef,y,extracted,line,line,0.9036250644406474
ad70c9369a8a_x,ad70c9369a8a,x,extracted,vertical_bar,vertical_bar,0.9232282868747186
ad70c9369a8a_y,ad70c9369a8a,y,extracted,vertical_bar,vertical_bar,0.9856611120852012
adad34118764_x,adad34118764,x,extracted,line,line,0.0
adad34118764_y,adad34118764,y,extracted,line,line,0.0
adafd60bd85a_x,adafd60bd85a,x,extracted,line,line,1.0
adafd60bd85a_y,adafd60bd85a,y,extracted,line,line,0.0
ade7c5a61244_x,ade7c5a61244,x,extracted,vertical_bar,vertical_bar,1.0
ade7c5a61244_y,ade7c5a61244,y,extracted,vertical_bar,vertical_bar,0.0
ae09e5ae3724_x,ae09e5ae3724,x,extracted,scatter,scatter,0.0
ae09e5ae3724_y,ae09e5ae3724,y,extracted,scatter,scatter,0.0
aed7c9d4dd5c_x,aed7c9d4dd5c,x,extracted,vertical_bar,vertical_bar,0.9375812532524874
aed7c9d4dd5c_y,aed7c9d4dd5c,y,extracted,vertical_bar,vertical_bar,1.3301517438613075e-06
af1b3dfbd873_x,af1b3dfbd873,x,extracted,line,line,1.0
af1b3dfbd873_y,af1b3dfbd873,y,extracted,line,line,0.8795544538379476
afcfd0900d62_x,afcfd0900d62,x,extracted,line,line,1.0
afcfd0900d62_y,afcfd0900d62,y,extracted,line,line,0.9807666319034483
affe8a5ed69b_x,affe8a5ed69b,x,extracted,line,line,1.0
affe8a5ed69b_y,affe8a5ed69b,y,extracted,line,line,0.9886318094429061
b02ee9b1c7c6_x,b02ee9b1c7c6,x,extracted,scatter,scatter,0.0
b02ee9b1c7c6_y,b02ee9b1c7c6,y,extracted,scatter,scatter,0.0
b03b0c6eb66a_x,b03b0c6eb66a,x,extracted,line,scatter,0.0
b03b0c6eb66a_y,b03b0c6eb66a,y,extracted,line,scatter,0.0
b0509f4e9a99_x,b0509f4e9a99,x,extracted,line,line,1.0
b0509f4e9a99_y,b0509f4e9a99,y,extracted,line,line,0.8666845210531238
b056ead34cc1_x,b056ead34cc1,x,extracted,scatter,scatter,0.0
b056ead34cc1_y,b056ead34cc1,y,extracted,scatter,scatter,0.0
b06a0f834b98_x,b06a0f834b98,x,extracted,scatter,scatter,0.0
b06a0f834b98_y,b06a0f834b98,y,extracted,scatter,scatter,0.9569800261583867
b0922f33e48f_x,b0922f33e48f,x,extracted,vertical_bar,vertical_bar,1.0
b0922f33e48f_y,b0922f33e48f,y,extracted,vertical_bar,vertical_bar,1.0
b09250a30675_x,b09250a30675,x,extracted,vertical_bar,vertical_bar,0.0
b09250a30675_y,b09250a30675,y,extracted,vertical_bar,vertical_bar,0.0
b0c543102ca5_x,b0c543102ca5,x,extracted,scatter,scatter,0.750650936120123
b0c543102ca5_y,b0c543102ca5,y,extracted,scatter,scatter,1.0
b0fe27381d09_x,b0fe27381d09,x,extracted,line,line,1.0
b0fe27381d09_y,b0fe27381d09,y,extracted,line,line,0.9703462732007107
b14141fafd72_x,b14141fafd72,x,extracted,line,line,1.0
b14141fafd72_y,b14141fafd72,y,extracted,line,line,0.7952643662110697
b1d2d94dfede_x,b1d2d94dfede,x,extracted,line,line,1.0
b1d2d94dfede_y,b1d2d94dfede,y,extracted,line,line,1.0
b1fb7a57a112_x,b1fb7a57a112,x,extracted,line,line,1.0
b1fb7a57a112_y,b1fb7a57a112,y,extracted,line,line,0.0
b2150aa590eb_x,b2150aa590eb,x,extracted,scatter,scatter,0.0
b2150aa590eb_y,b2150aa590eb,y,extracted,scatter,scatter,0.0
b26b8f71d3ac_x,b26b8f71d3ac,x,extracted,vertical_bar,vertical_bar,0.9569232259707336
b26b8f71d3ac_y,b26b8f71d3ac,y,extracted,vertical_bar,vertical_bar,0.0
b2857a792316_x,b2857a792316,x,extracted,vertical_bar,vertical_bar,1.0
b2857a792316_y,b2857a792316,y,extracted,vertical_bar,vertical_bar,1.7319479184152442e-14
b28b5229943b_x,b28b5229943b,x,extracted,line,line,1.0
b28b5229943b_y,b28b5229943b,y,extracted,line,line,4.006853560056811e-08
b2aafa19da86_x,b2aafa19da86,x,extracted,vertical_bar,vertical_bar,0.8581068062330675
b2aafa19da86_y,b2aafa19da86,y,extracted,vertical_bar,vertical_bar,0.0
b2aecaf39fa7_x,b2aecaf39fa7,x,extracted,vertical_bar,vertical_bar,0.0
b2aecaf39fa7_y,b2aecaf39fa7,y,extracted,vertical_bar,vertical_bar,0.0
b2d0464fc214_x,b2d0464fc214,x,extracted,line,line,1.0
b2d0464fc214_y,b2d0464fc214,y,extracted,line,line,0.0
b2e80e91fc96_x,b2e80e91fc96,x,extracted,scatter,scatter,0.0
b2e80e91fc96_y,b2e80e91fc96,y,extracted,scatter,scatter,0.0
b2febc0f5a82_x,b2febc0f5a82,x,extracted,scatter,scatter,0.0
b2febc0f5a82_y,b2febc0f5a82,y,extracted,scatter,scatter,0.0
b3513a46bf1e_x,b3513a46bf1e,x,extracted,horizontal_bar,horizontal_bar,0.0
b3513a46bf1e_y,b3513a46bf1e,y,extracted,horizontal_bar,horizontal_bar,0.0
b3b9729361d4_x,b3b9729361d4,x,extracted,line,line,0.0
b3b9729361d4_y,b3b9729361d4,y,extracted,line,line,0.0
b3eeada0ab63_x,b3eeada0ab63,x,extracted,scatter,scatter,0.0
b3eeada0ab63_y,b3eeada0ab63,y,extracted,scatter,scatter,0.0
b426720f9d81_x,b426720f9d81,x,extracted,vertical_bar,vertical_bar,0.5931603307784896
b426720f9d81_y,b426720f9d81,y,extracted,vertical_bar,vertical_bar,0.9773606506277279
b439312709de_x,b439312709de,x,extracted,line,line,0.0
b439312709de_y,b439312709de,y,extracted,line,line,0.0
b45dd0a1bbb1_x,b45dd0a1bbb1,x,extracted,vertical_bar,vertical_bar,1.0
b45dd0a1bbb1_y,b45dd0a1bbb1,y,extracted,vertical_bar,vertical_bar,0.0
b481c1a2636e_x,b481c1a2636e,x,extracted,line,line,0.0
b481c1a2636e_y,b481c1a2636e,y,extracted,line,line,0.0
b49ba5f14619_x,b49ba5f14619,x,extracted,line,line,1.0
b49ba5f14619_y,b49ba5f14619,y,extracted,line,line,0.8890160549698054
b4bcfd6bed95_x,b4bcfd6bed95,x,extracted,vertical_bar,vertical_bar,0.0
b4bcfd6bed95_y,b4bcfd6bed95,y,extracted,vertical_bar,vertical_bar,0.0
b4e6c1b9c93e_x,b4e6c1b9c93e,x,extracted,line,line,0.0
b4e6c1b9c93e_y,b4e6c1b9c93e,y,extracted,line,line,0.771398861523384
b59a1e7907e1_x,b59a1e7907e1,x,extracted,line,line,1.0
b59a1e7907e1_y,b59a1e7907e1,y,extracted,line,line,0.015748784592408027
b5fec685e2e8_x,b5fec685e2e8,x,extracted,line,line,0.7550813375962908
b5fec685e2e8_y,b5fec685e2e8,y,extracted,line,line,0.7891237935447828
b5ff027bd605_x,b5ff027bd605,x,extracted,vertical_bar,vertical_bar,1.0
b5ff027bd605_y,b5ff027bd605,y,extracted,vertical_bar,vertical_bar,0.7816307564037981
b612a9fb7091_x,b612a9fb7091,x,extracted,vertical_bar,vertical_bar,1.0
b612a9fb7091_y,b612a9fb7091,y,extracted,vertical_bar,vertical_bar,1.0
b6818aa7d7a8_x,b6818aa7d7a8,x,extracted,horizontal_bar,horizontal_bar,0.0
b6818aa7d7a8_y,b6818aa7d7a8,y,extracted,horizontal_bar,horizontal_bar,0.0
b71ea63692a3_x,b71ea63692a3,x,extracted,line,line,1.0
b71ea63692a3_y,b71ea63692a3,y,extracted,line,line,0.0
b7314e1d348f_x,b7314e1d348f,x,extracted,scatter,scatter,0.0
b7314e1d348f_y,b7314e1d348f,y,extracted,scatter,scatter,0.0
b765a1056089_x,b765a1056089,x,extracted,line,line,1.0
b765a1056089_y,b765a1056089,y,extracted,line,line,0.9698312953618906
b7cd0a5f6b4b_x,b7cd0a5f6b4b,x,extracted,vertical_bar,vertical_bar,1.0
b7cd0a5f6b4b_y,b7cd0a5f6b4b,y,extracted,vertical_bar,vertical_bar,0.9579593276323484
b7d30144d9d4_x,b7d30144d9d4,x,extracted,vertical_bar,vertical_bar,1.0
b7d30144d9d4_y,b7d30144d9d4,y,extracted,vertical_bar,vertical_bar,0.9839029392968199
b7f33866df56_x,b7f33866df56,x,extracted,line,line,1.0
b7f33866df56_y,b7f33866df56,y,extracted,line,line,0.9889560535498731
b82a3ff1f2c1_x,b82a3ff1f2c1,x,extracted,line,line,1.0
b82a3ff1f2c1_y,b82a3ff1f2c1,y,extracted,line,line,0.0
b840c79e40e0_x,b840c79e40e0,x,extracted,line,line,1.0
b840c79e40e0_y,b840c79e40e0,y,extracted,line,line,0.0
b87c8473600d_x,b87c8473600d,x,extracted,vertical_bar,vertical_bar,1.0
b87c8473600d_y,b87c8473600d,y,extracted,vertical_bar,vertical_bar,0.9914979018498706
b8990ef6a487_x,b8990ef6a487,x,extracted,horizontal_bar,horizontal_bar,0.0
b8990ef6a487_y,b8990ef6a487,y,extracted,horizontal_bar,horizontal_bar,0.0
b9507ab4e9fc_x,b9507ab4e9fc,x,extracted,line,line,0.0
b9507ab4e9fc_y,b9507ab4e9fc,y,extracted,line,line,0.0
b95f5123f7e2_x,b95f5123f7e2,x,extracted,vertical_bar,vertical_bar,1.0
b95f5123f7e2_y,b95f5123f7e2,y,extracted,vertical_bar,vertical_bar,0.0
b98250550f17_x,b98250550f17,x,extracted,line,line,0.0
b98250550f17_y,b98250550f17,y,extracted,line,line,0.0
b98d7a7444a7_x,b98d7a7444a7,x,extracted,vertical_bar,vertical_bar,1.0
b98d7a7444a7_y,b98d7a7444a7,y,extracted,vertical_bar,vertical_bar,0.0
b99a20b437b4_x,b99a20b437b4,x,extracted,scatter,scatter,0.0
b99a20b437b4_y,b99a20b437b4,y,extracted,scatter,scatter,0.0
b9c653abc8e6_x,b9c653abc8e6,x,extracted,vertical_bar,vertical_bar,0.6480680931843603
b9c653abc8e6_y,b9c653abc8e6,y,extracted,vertical_bar,vertical_bar,0.9908428866252559
b9d8255b4406_x,b9d8255b4406,x,extracted,line,line,1.0
b9d8255b4406_y,b9d8255b4406,y,extracted,line,line,0.20754476798450439
b9eb17bc3387_x,b9eb17bc3387,x,extracted,line,line,1.0
b9eb17bc3387_y,b9eb17bc3387,y,extracted,line,line,0.9731263056294643
ba3146aec60f_x,ba3146aec60f,x,extracted,vertical_bar,vertical_bar,0.0
ba3146aec60f_y,ba3146aec60f,y,extracted,vertical_bar,vertical_bar,0.9902320023704141
ba4e9c96d69c_x,ba4e9c96d69c,x,extracted,scatter,scatter,0.0
ba4e9c96d69c_y,ba4e9c96d69c,y,extracted,scatter,scatter,0.0
ba6161459a71_x,ba6161459a71,x,extracted,vertical_bar,vertical_bar,1.0
ba6161459a71_y,ba6161459a71,y,extracted,vertical_bar,vertical_bar,0.0
ba8bfc91115b_x,ba8bfc91115b,x,extracted,vertical_bar,vertical_bar,1.0
ba8bfc91115b_y,ba8bfc91115b,y,extracted,vertical_bar,vertical_bar,1.0
baa7f4ff2326_x,baa7f4ff2326,x,extracted,line,line,1.0
baa7f4ff2326_y,baa7f4ff2326,y,extracted,line,line,0.0
bb1e2880dfea_x,bb1e2880dfea,x,extracted,scatter,scatter,1.0
bb1e2880dfea_y,bb1e2880dfea,y,extracted,scatter,scatter,0.9467037174303079
bb701dbc5752_x,bb701dbc5752,x,extracted,vertical_bar,vertical_bar,0.8348595870753706
bb701dbc5752_y,bb701dbc5752,y,extracted,vertical_bar,vertical_bar,0.9123532917612831
bb8669361604_x,bb8669361604,x,extracted,line,line,1.0
bb8669361604_y,bb8669361604,y,extracted,line,line,1.0
bb9e2f7b5abe_x,bb9e2f7b5abe,x,extracted,line,line,0.0
bb9e2f7b5abe_y,bb9e2f7b5abe,y,extracted,line,line,0.0
bbca26b3abcb_x,bbca26b3abcb,x,extracted,scatter,scatter,0.0
bbca26b3abcb_y,bbca26b3abcb,y,extracted,scatter,scatter,0.0
bc142b2d50ef_x,bc142b2d50ef,x,extracted,line,line,0.9524169129972375
bc142b2d50ef_y,bc142b2d50ef,y,extracted,line,line,0.0
bc1c8f0c0b99_x,bc1c8f0c0b99,x,extracted,vertical_bar,vertical_bar,0.0
bc1c8f0c0b99_y,bc1c8f0c0b99,y,extracted,vertical_bar,vertical_bar,0.0
bc537a717030_x,bc537a717030,x,extracted,horizontal_bar,horizontal_bar,0.0
bc537a717030_y,bc537a717030,y,extracted,horizontal_bar,horizontal_bar,0.0
bc7eade5efde_x,bc7eade5efde,x,extracted,line,line,1.0
bc7eade5efde_y,bc7eade5efde,y,extracted,line,line,0.4056461335184387
bcc4732802c5_x,bcc4732802c5,x,extracted,scatter,scatter,1.0
bcc4732802c5_y,bcc4732802c5,y,extracted,scatter,scatter,0.6070448330900622
bd2f07cd2efb_x,bd2f07cd2efb,x,extracted,line,line,1.0
bd2f07cd2efb_y,bd2f07cd2efb,y,extracted,line,line,0.44324691795639737
bda841ab2f33_x,bda841ab2f33,x,extracted,line,line,0.0
bda841ab2f33_y,bda841ab2f33,y,extracted,line,line,0.0
bdb017ede608_x,bdb017ede608,x,extracted,vertical_bar,vertical_bar,1.0
bdb017ede608_y,bdb017ede608,y,extracted,vertical_bar,vertical_bar,0.9724288643095025
bdbb0ea41354_x,bdbb0ea41354,x,extracted,horizontal_bar,horizontal_bar,0.0
bdbb0ea41354_y,bdbb0ea41354,y,extracted,horizontal_bar,horizontal_bar,0.0
be4f86e7ee3b_x,be4f86e7ee3b,x,extracted,line,line,1.0
be4f86e7ee3b_y,be4f86e7ee3b,y,extracted,line,line,0.7505804794803168
bea7273e8cfb_x,bea7273e8cfb,x,extracted,vertical_bar,vertical_bar,0.0
bea7273e8cfb_y,bea7273e8cfb,y,extracted,vertical_bar,vertical_bar,0.0
beba8d59ce17_x,beba8d59ce17,x,extracted,line,line,1.0
beba8d59ce17_y,beba8d59ce17,y,extracted,line,line,0.3892186602741552
bec2217f1f23_x,bec2217f1f23,x,extracted,line,line,0.0
bec2217f1f23_y,bec2217f1f23,y,extracted,line,line,0.0
bf38be41b36f_x,bf38be41b36f,x,extracted,vertical_bar,vertical_bar,0.9286926583320567
bf38be41b36f_y,bf38be41b36f,y,extracted,vertical_bar,vertical_bar,0.5037256739442983
bfa8bf84f39a_x,bfa8bf84f39a,x,extracted,line,line,1.0
bfa8bf84f39a_y,bfa8bf84f39a,y,extracted,line,line,0.0
c0128e43c6eb_x,c0128e43c6eb,x,extracted,vertical_bar,vertical_bar,1.0
c0128e43c6eb_y,c0128e43c6eb,y,extracted,vertical_bar,vertical_bar,1.0
c030b3e1913d_x,c030b3e1913d,x,extracted,line,line,0.0
c030b3e1913d_y,c030b3e1913d,y,extracted,line,line,0.0
c05af6902234_x,c05af6902234,x,extracted,line,line,1.0
c05af6902234_y,c05af6902234,y,extracted,line,line,0.6839522309981363
c082413164f8_x,c082413164f8,x,extracted,scatter,scatter,0.0
c082413164f8_y,c082413164f8,y,extracted,scatter,scatter,0.0
c103c568530d_x,c103c568530d,x,extracted,line,line,1.0
c103c568530d_y,c103c568530d,y,extracted,line,line,0.2306056952622686
c11082691bf7_x,c11082691bf7,x,extracted,line,line,1.0
c11082691bf7_y,c11082691bf7,y,extracted,line,line,0.0
c1110ef45d58_x,c1110ef45d58,x,extracted,scatter,scatter,0.0
c1110ef45d58_y,c1110ef45d58,y,extracted,scatter,scatter,0.0
c14c76b5c13b_x,c14c76b5c13b,x,extracted,line,scatter,0.0
c14c76b5c13b_y,c14c76b5c13b,y,extracted,line,scatter,0.0
c1746bfa523c_x,c1746bfa523c,x,extracted,vertical_bar,vertical_bar,0.9861120041034785
c1746bfa523c_y,c1746bfa523c,y,extracted,vertical_bar,vertical_bar,0.0
c18e2ef37f2d_x,c18e2ef37f2d,x,extracted,line,line,1.0
c18e2ef37f2d_y,c18e2ef37f2d,y,extracted,line,line,0.18847828929953203
c1a897a63686_x,c1a897a63686,x,extracted,line,line,1.0
c1a897a63686_y,c1a897a63686,y,extracted,line,line,0.8034012121324201
c1cba4e9296a_x,c1cba4e9296a,x,extracted,vertical_bar,vertical_bar,1.0
c1cba4e9296a_y,c1cba4e9296a,y,extracted,vertical_bar,vertical_bar,0.9665938605891375
c1e12dee703c_x,c1e12dee703c,x,extracted,scatter,scatter,0.0
c1e12dee703c_y,c1e12dee703c,y,extracted,scatter,scatter,0.0
c226d88f9d0d_x,c226d88f9d0d,x,extracted,scatter,scatter,0.0
c226d88f9d0d_y,c226d88f9d0d,y,extracted,scatter,scatter,0.0
c24c1b104b36_x,c24c1b104b36,x,extracted,vertical_bar,vertical_bar,1.0
c24c1b104b36_y,c24c1b104b36,y,extracted,vertical_bar,vertical_bar,1.0
c25da96d5aaf_x,c25da96d5aaf,x,extracted,vertical_bar,vertical_bar,1.0
c25da96d5aaf_y,c25da96d5aaf,y,extracted,vertical_bar,vertical_bar,0.0
c26b139f37a1_x,c26b139f37a1,x,extracted,line,line,1.0
c26b139f37a1_y,c26b139f37a1,y,extracted,line,line,0.9109752358055414
c2e87653de28_x,c2e87653de28,x,extracted,horizontal_bar,horizontal_bar,0.0
c2e87653de28_y,c2e87653de28,y,extracted,horizontal_bar,horizontal_bar,1.0
c30a2aa1f3a2_x,c30a2aa1f3a2,x,extracted,line,line,0.0
c30a2aa1f3a2_y,c30a2aa1f3a2,y,extracted,line,line,0.0
c3197b2227da_x,c3197b2227da,x,extracted,vertical_bar,vertical_bar,1.0
c3197b2227da_y,c3197b2227da,y,extracted,vertical_bar,vertical_bar,0.9849056213158032
c32141e87a57_x,c32141e87a57,x,extracted,line,line,1.0
c32141e87a57_y,c32141e87a57,y,extracted,line,line,0.966407377095438
c336d97f2ed0_x,c336d97f2ed0,x,extracted,vertical_bar,vertical_bar,0.5958732602421408
c336d97f2ed0_y,c336d97f2ed0,y,extracted,vertical_bar,vertical_bar,0.9926551288778931
c3530c1c7cb5_x,c3530c1c7cb5,x,extracted,horizontal_bar,horizontal_bar,1.0
c3530c1c7cb5_y,c3530c1c7cb5,y,extracted,horizontal_bar,horizontal_bar,1.0
c48de2fcb4a4_x,c48de2fcb4a4,x,extracted,line,line,0.0
c48de2fcb4a4_y,c48de2fcb4a4,y,extracted,line,line,0.0
c4a91971f6e7_x,c4a91971f6e7,x,extracted,line,line,1.0
c4a91971f6e7_y,c4a91971f6e7,y,extracted,line,line,0.7983941343580148
c5276a50358e_x,c5276a50358e,x,extracted,vertical_bar,vertical_bar,1.0
c5276a50358e_y,c5276a50358e,y,extracted,vertical_bar,vertical_bar,1.0
c5bf1f7123b5_x,c5bf1f7123b5,x,extracted,line,line,1.0
c5bf1f7123b5_y,c5bf1f7123b5,y,extracted,line,line,2.484343901709707e-07
c6350443191a_x,c6350443191a,x,extracted,scatter,scatter,0.0
c6350443191a_y,c6350443191a,y,extracted,scatter,scatter,0.0
c64ea45a8054_x,c64ea45a8054,x,extracted,vertical_bar,vertical_bar,1.0
c64ea45a8054_y,c64ea45a8054,y,extracted,vertical_bar,vertical_bar,9.61312807135073e-09
c6756723fc29_x,c6756723fc29,x,extracted,vertical_bar,vertical_bar,1.0
c6756723fc29_y,c6756723fc29,y,extracted,vertical_bar,vertical_bar,1.0
c681d45e7d37_x,c681d45e7d37,x,extracted,horizontal_bar,horizontal_bar,0.0
c681d45e7d37_y,c681d45e7d37,y,extracted,horizontal_bar,horizontal_bar,0.0
c6b90315310d_x,c6b90315310d,x,extracted,vertical_bar,vertical_bar,0.620051037744775
c6b90315310d_y,c6b90315310d,y,extracted,vertical_bar,vertical_bar,0.0
c75ef8136ada_x,c75ef8136ada,x,extracted,line,line,0.0
c75ef8136ada_y,c75ef8136ada,y,extracted,line,line,0.0
c78cdc509d76_x,c78cdc509d76,x,extracted,vertical_bar,vertical_bar,0.0
c78cdc509d76_y,c78cdc509d76,y,extracted,vertical_bar,vertical_bar,0.9710242559975781
c7bafe9a8df7_x,c7bafe9a8df7,x,extracted,scatter,scatter,0.0
c7bafe9a8df7_y,c7bafe9a8df7,y,extracted,scatter,scatter,0.0
c7bd58975106_x,c7bd58975106,x,extracted,vertical_bar,vertical_bar,1.0
c7bd58975106_y,c7bd58975106,y,extracted,vertical_bar,vertical_bar,0.959066609360943
c7c5aeda29c3_x,c7c5aeda29c3,x,extracted,scatter,scatter,0.9535380660408321
c7c5aeda29c3_y,c7c5aeda29c3,y,extracted,scatter,scatter,0.023882401965738653
c7da596ef9d2_x,c7da596ef9d2,x,extracted,vertical_bar,vertical_bar,1.0
c7da596ef9d2_y,c7da596ef9d2,y,extracted,vertical_bar,vertical_bar,0.9775640603448565
c813706d3e86_x,c813706d3e86,x,extracted,line,line,1.0
c813706d3e86_y,c813706d3e86,y,extracted,line,line,0.7033829666120381
c83624d7013c_x,c83624d7013c,x,extracted,line,line,1.0
c83624d7013c_y,c83624d7013c,y,extracted,line,line,1.0
c84d4b3cf172_x,c84d4b3cf172,x,extracted,line,line,0.0
c84d4b3cf172_y,c84d4b3cf172,y,extracted,line,line,0.0
c89ebb60d0df_x,c89ebb60d0df,x,extracted,line,line,1.0
c89ebb60d0df_y,c89ebb60d0df,y,extracted,line,line,0.9829161718899595
c8e4094c5bd7_x,c8e4094c5bd7,x,extracted,line,line,1.0
c8e4094c5bd7_y,c8e4094c5bd7,y,extracted,line,line,0.9062323697441717
c91f34167d34_x,c91f34167d34,x,extracted,vertical_bar,vertical_bar,1.0
c91f34167d34_y,c91f34167d34,y,extracted,vertical_bar,vertical_bar,0.0
c922d545c9eb_x,c922d545c9eb,x,extracted,scatter,scatter,0.0
c922d545c9eb_y,c922d545c9eb,y,extracted,scatter,scatter,0.0
c949d57061e3_x,c949d57061e3,x,extracted,line,line,0.0
c949d57061e3_y,c949d57061e3,y,extracted,line,line,0.0
c9783e7d99b8_x,c9783e7d99b8,x,extracted,scatter,scatter,0.0
c9783e7d99b8_y,c9783e7d99b8,y,extracted,scatter,scatter,0.0
c9a098f35788_x,c9a098f35788,x,extracted,scatter,scatter,0.0
c9a098f35788_y,c9a098f35788,y,extracted,scatter,scatter,0.0
c9a523781921_x,c9a523781921,x,extracted,line,line,1.0
c9a523781921_y,c9a523781921,y,extracted,line,line,0.9665260274961842
c9d24c68176b_x,c9d24c68176b,x,extracted,vertical_bar,vertical_bar,0.0
c9d24c68176b_y,c9d24c68176b,y,extracted,vertical_bar,vertical_bar,0.0
ca30ad3528c4_x,ca30ad3528c4,x,extracted,scatter,scatter,0.0
ca30ad3528c4_y,ca30ad3528c4,y,extracted,scatter,scatter,0.0
cae276495445_x,cae276495445,x,extracted,scatter,scatter,0.0
cae276495445_y,cae276495445,y,extracted,scatter,scatter,0.11632006222997004
caf887002df5_x,caf887002df5,x,extracted,vertical_bar,vertical_bar,1.0
caf887002df5_y,caf887002df5,y,extracted,vertical_bar,vertical_bar,0.0
cb8167bade97_x,cb8167bade97,x,extracted,vertical_bar,vertical_bar,0.9615574155787838
cb8167bade97_y,cb8167bade97,y,extracted,vertical_bar,vertical_bar,0.9845199507608933
cbf8bcdb153d_x,cbf8bcdb153d,x,extracted,vertical_bar,vertical_bar,0.8348595870753706
cbf8bcdb153d_y,cbf8bcdb153d,y,extracted,vertical_bar,vertical_bar,1.0
cc58505dbbcd_x,cc58505dbbcd,x,extracted,line,line,1.0
cc58505dbbcd_y,cc58505dbbcd,y,extracted,line,line,0.0
cc68f19b708c_x,cc68f19b708c,x,extracted,line,line,0.0
cc68f19b708c_y,cc68f19b708c,y,extracted,line,line,0.00012414870680665935
ccac725ec65e_x,ccac725ec65e,x,extracted,vertical_bar,vertical_bar,0.8581068062330675
ccac725ec65e_y,ccac725ec65e,y,extracted,vertical_bar,vertical_bar,0.9765596386890261
cccd988d970f_x,cccd988d970f,x,extracted,line,line,1.0
cccd988d970f_y,cccd988d970f,y,extracted,line,line,0.0
ccdf148affda_x,ccdf148affda,x,extracted,line,line,1.0
ccdf148affda_y,ccdf148affda,y,extracted,line,line,0.0
ccf9c440caf9_x,ccf9c440caf9,x,extracted,line,line,1.0
ccf9c440caf9_y,ccf9c440caf9,y,extracted,line,line,0.9200029044880718
cd4a578990ae_x,cd4a578990ae,x,extracted,vertical_bar,vertical_bar,0.0
cd4a578990ae_y,cd4a578990ae,y,extracted,vertical_bar,vertical_bar,0.0
cdad0c7d6f3e_x,cdad0c7d6f3e,x,extracted,line,line,0.0
cdad0c7d6f3e_y,cdad0c7d6f3e,y,extracted,line,line,0.0
cdadf389dd97_x,cdadf389dd97,x,extracted,line,line,1.0
cdadf389dd97_y,cdadf389dd97,y,extracted,line,line,0.9766628243458038
cdaff4e471c5_x,cdaff4e471c5,x,extracted,scatter,scatter,1.0
cdaff4e471c5_y,cdaff4e471c5,y,extracted,scatter,scatter,0.6076019472717022
cdc4effd8ec2_x,cdc4effd8ec2,x,extracted,line,line,0.0
cdc4effd8ec2_y,cdc4effd8ec2,y,extracted,line,line,0.0
cdf6ab14dcfd_x,cdf6ab14dcfd,x,extracted,line,line,1.0
cdf6ab14dcfd_y,cdf6ab14dcfd,y,extracted,line,line,0.884420400258431
ce039adc77e3_x,ce039adc77e3,x,extracted,vertical_bar,vertical_bar,1.0
ce039adc77e3_y,ce039adc77e3,y,extracted,vertical_bar,vertical_bar,1.0
ce0becb5f6dd_x,ce0becb5f6dd,x,extracted,horizontal_bar,horizontal_bar,1.0
ce0becb5f6dd_y,ce0becb5f6dd,y,extracted,horizontal_bar,horizontal_bar,1.0
ce16cac6ae45_x,ce16cac6ae45,x,extracted,vertical_bar,vertical_bar,0.9902600482761674
ce16cac6ae45_y,ce16cac6ae45,y,extracted,vertical_bar,vertical_bar,0.0
ce2ff9b7dd67_x,ce2ff9b7dd67,x,extracted,vertical_bar,vertical_bar,1.0
ce2ff9b7dd67_y,ce2ff9b7dd67,y,extracted,vertical_bar,vertical_bar,0.10990020201974948
ce63e7200532_x,ce63e7200532,x,extracted,line,line,1.0
ce63e7200532_y,ce63e7200532,y,extracted,line,line,0.25044147693142893
ceadacf6bfb8_x,ceadacf6bfb8,x,extracted,line,line,1.0
ceadacf6bfb8_y,ceadacf6bfb8,y,extracted,line,line,0.0
ced6c78013b4_x,ced6c78013b4,x,extracted,line,line,0.0
ced6c78013b4_y,ced6c78013b4,y,extracted,line,line,0.0
cfa0f91c0430_x,cfa0f91c0430,x,extracted,vertical_bar,vertical_bar,0.9831476630492828
cfa0f91c0430_y,cfa0f91c0430,y,extracted,vertical_bar,vertical_bar,0.0
cfe6f17f2bb4_x,cfe6f17f2bb4,x,extracted,vertical_bar,vertical_bar,1.0
cfe6f17f2bb4_y,cfe6f17f2bb4,y,extracted,vertical_bar,vertical_bar,0.9829165710869212
d019cabb1ff5_x,d019cabb1ff5,x,extracted,vertical_bar,vertical_bar,0.9375812532524874
d019cabb1ff5_y,d019cabb1ff5,y,extracted,vertical_bar,vertical_bar,1.0
d05c03df37eb_x,d05c03df37eb,x,extracted,scatter,scatter,0.0
d05c03df37eb_y,d05c03df37eb,y,extracted,scatter,scatter,0.0
d0776256aaa9_x,d0776256aaa9,x,extracted,vertical_bar,vertical_bar,1.0
d0776256aaa9_y,d0776256aaa9,y,extracted,vertical_bar,vertical_bar,0.9942319986315356
d09dfa71bd6d_x,d09dfa71bd6d,x,extracted,vertical_bar,vertical_bar,1.0
d09dfa71bd6d_y,d09dfa71bd6d,y,extracted,vertical_bar,vertical_bar,0.7841830651408879
d0b4ad1c3317_x,d0b4ad1c3317,x,extracted,vertical_bar,vertical_bar,1.0
d0b4ad1c3317_y,d0b4ad1c3317,y,extracted,vertical_bar,vertical_bar,1.0
d0c999430e65_x,d0c999430e65,x,extracted,scatter,scatter,0.0
d0c999430e65_y,d0c999430e65,y,extracted,scatter,scatter,0.0
d0f1d33c137f_x,d0f1d33c137f,x,extracted,horizontal_bar,horizontal_bar,0.0
d0f1d33c137f_y,d0f1d33c137f,y,extracted,horizontal_bar,horizontal_bar,0.0
d13586f30d95_x,d13586f30d95,x,extracted,vertical_bar,vertical_bar,0.9722293645079902
d13586f30d95_y,d13586f30d95,y,extracted,vertical_bar,vertical_bar,1.0
d18ea652ebfe_x,d18ea652ebfe,x,extracted,vertical_bar,vertical_bar,0.0
d18ea652ebfe_y,d18ea652ebfe,y,extracted,vertical_bar,vertical_bar,0.0
d1c4f30988ad_x,d1c4f30988ad,x,extracted,line,line,0.7653257591359646
d1c4f30988ad_y,d1c4f30988ad,y,extracted,line,line,0.8336819714120718
d1c4fdcd83f7_x,d1c4fdcd83f7,x,extracted,vertical_bar,vertical_bar,1.0
d1c4fdcd83f7_y,d1c4fdcd83f7,y,extracted,vertical_bar,vertical_bar,0.9858692690496638
d1ddb4929d70_x,d1ddb4929d70,x,extracted,line,line,0.0
d1ddb4929d70_y,d1ddb4929d70,y,extracted,line,line,0.0
d1ec70264c18_x,d1ec70264c18,x,extracted,line,line,0.0
d1ec70264c18_y,d1ec70264c18,y,extracted,line,line,0.0
d21849cdda48_x,d21849cdda48,x,extracted,vertical_bar,vertical_bar,1.0
d21849cdda48_y,d21849cdda48,y,extracted,vertical_bar,vertical_bar,1.0
d294a1e3a7df_x,d294a1e3a7df,x,extracted,vertical_bar,vertical_bar,1.0
d294a1e3a7df_y,d294a1e3a7df,y,extracted,vertical_bar,vertical_bar,0.9843012528251169
d2c46db46c87_x,d2c46db46c87,x,extracted,vertical_bar,vertical_bar,0.809185973696479
d2c46db46c87_y,d2c46db46c87,y,extracted,vertical_bar,vertical_bar,0.9082750662872867
d2e2e6d8160d_x,d2e2e6d8160d,x,extracted,scatter,scatter,0.0
d2e2e6d8160d_y,d2e2e6d8160d,y,extracted,scatter,scatter,0.0
d2f6c9bb3358_x,d2f6c9bb3358,x,extracted,vertical_bar,vertical_bar,0.0
d2f6c9bb3358_y,d2f6c9bb3358,y,extracted,vertical_bar,vertical_bar,0.0
d2f7ea094baf_x,d2f7ea094baf,x,extracted,scatter,scatter,0.0
d2f7ea094baf_y,d2f7ea094baf,y,extracted,scatter,scatter,0.0
d35a391f3667_x,d35a391f3667,x,extracted,line,line,1.0
d35a391f3667_y,d35a391f3667,y,extracted,line,line,0.0
d3601ea43b66_x,d3601ea43b66,x,extracted,vertical_bar,vertical_bar,1.0
d3601ea43b66_y,d3601ea43b66,y,extracted,vertical_bar,vertical_bar,0.9844476622250788
d37a24c1c97c_x,d37a24c1c97c,x,extracted,line,line,1.0
d37a24c1c97c_y,d37a24c1c97c,y,extracted,line,line,0.5886339169489081
d3953f6dc2b6_x,d3953f6dc2b6,x,extracted,vertical_bar,vertical_bar,0.0
d3953f6dc2b6_y,d3953f6dc2b6,y,extracted,vertical_bar,vertical_bar,0.0
d3cebfca9fe9_x,d3cebfca9fe9,x,extracted,vertical_bar,vertical_bar,1.0
d3cebfca9fe9_y,d3cebfca9fe9,y,extracted,vertical_bar,vertical_bar,0.9659277549928122
d3da6d0f08fd_x,d3da6d0f08fd,x,extracted,vertical_bar,vertical_bar,1.0
d3da6d0f08fd_y,d3da6d0f08fd,y,extracted,vertical_bar,vertical_bar,0.988111245421545
d45a1a4eefae_x,d45a1a4eefae,x,extracted,line,line,0.0
d45a1a4eefae_y,d45a1a4eefae,y,extracted,line,line,0.0
d489b94f79e6_x,d489b94f79e6,x,extracted,horizontal_bar,horizontal_bar,0.0
d489b94f79e6_y,d489b94f79e6,y,extracted,horizontal_bar,horizontal_bar,0.0
d4de6e7c9934_x,d4de6e7c9934,x,extracted,line,line,0.0
d4de6e7c9934_y,d4de6e7c9934,y,extracted,line,line,0.0
d52e57ac6bea_x,d52e57ac6bea,x,extracted,horizontal_bar,vertical_bar,0.0
d52e57ac6bea_y,d52e57ac6bea,y,extracted,horizontal_bar,vertical_bar,0.0
d584a683aecd_x,d584a683aecd,x,extracted,vertical_bar,vertical_bar,0.5958732602421408
d584a683aecd_y,d584a683aecd,y,extracted,vertical_bar,vertical_bar,0.27199498883509343
d5b4829ce2a9_x,d5b4829ce2a9,x,extracted,line,line,0.0
d5b4829ce2a9_y,d5b4829ce2a9,y,extracted,line,line,0.0
d7669712a47a_x,d7669712a47a,x,extracted,line,line,1.0
d7669712a47a_y,d7669712a47a,y,extracted,line,line,0.8738006933374622
d7b67c32fd11_x,d7b67c32fd11,x,extracted,scatter,scatter,0.9874570276911914
d7b67c32fd11_y,d7b67c32fd11,y,extracted,scatter,scatter,0.9839496117711821
d7ec9803eb3b_x,d7ec9803eb3b,x,extracted,horizontal_bar,horizontal_bar,0.0
d7ec9803eb3b_y,d7ec9803eb3b,y,extracted,horizontal_bar,horizontal_bar,0.0
d82210a814d9_x,d82210a814d9,x,extracted,horizontal_bar,horizontal_bar,0.0
d82210a814d9_y,d82210a814d9,y,extracted,horizontal_bar,horizontal_bar,0.0
d85ba5ad2507_x,d85ba5ad2507,x,extracted,vertical_bar,vertical_bar,1.0
d85ba5ad2507_y,d85ba5ad2507,y,extracted,vertical_bar,vertical_bar,0.5593224747527401
d8609f8a5559_x,d8609f8a5559,x,extracted,line,line,0.0
d8609f8a5559_y,d8609f8a5559,y,extracted,line,line,0.0
d8ce5dd5283a_x,d8ce5dd5283a,x,extracted,scatter,scatter,0.0
d8ce5dd5283a_y,d8ce5dd5283a,y,extracted,scatter,scatter,0.8269526438245824
d9293f1ffdb5_x,d9293f1ffdb5,x,extracted,horizontal_bar,horizontal_bar,0.0
d9293f1ffdb5_y,d9293f1ffdb5,y,extracted,horizontal_bar,horizontal_bar,0.0
d959237b8f46_x,d959237b8f46,x,extracted,line,line,1.0
d959237b8f46_y,d959237b8f46,y,extracted,line,line,0.0
d9dd72d9636c_x,d9dd72d9636c,x,extracted,vertical_bar,vertical_bar,0.992537451966294
d9dd72d9636c_y,d9dd72d9636c,y,extracted,vertical_bar,vertical_bar,0.9082639776374646
d9f91775ce33_x,d9f91775ce33,x,extracted,scatter,scatter,0.0
d9f91775ce33_y,d9f91775ce33,y,extracted,scatter,scatter,0.0
da449ff295e1_x,da449ff295e1,x,extracted,line,line,1.0
da449ff295e1_y,da449ff295e1,y,extracted,line,line,0.0
da55445e33f4_x,da55445e33f4,x,extracted,line,line,1.0
da55445e33f4_y,da55445e33f4,y,extracted,line,line,0.5542487000048371
dab134896eb8_x,dab134896eb8,x,extracted,line,line,1.0
dab134896eb8_y,dab134896eb8,y,extracted,line,line,0.8761258357759523
dad32bd41ed0_x,dad32bd41ed0,x,extracted,vertical_bar,vertical_bar,0.992063658694633
dad32bd41ed0_y,dad32bd41ed0,y,extracted,vertical_bar,vertical_bar,0.9482524543901898
db07a50bde65_x,db07a50bde65,x,extracted,vertical_bar,vertical_bar,1.0
db07a50bde65_y,db07a50bde65,y,extracted,vertical_bar,vertical_bar,0.9911263572726638
db42d20dc560_x,db42d20dc560,x,extracted,vertical_bar,vertical_bar,0.7603107038974815
db42d20dc560_y,db42d20dc560,y,extracted,vertical_bar,vertical_bar,0.0
db43a3512bc3_x,db43a3512bc3,x,extracted,line,line,1.0
db43a3512bc3_y,db43a3512bc3,y,extracted,line,line,0.0
db72869ba7d3_x,db72869ba7d3,x,extracted,vertical_bar,vertical_bar,0.9632518494267406
db72869ba7d3_y,db72869ba7d3,y,extracted,vertical_bar,vertical_bar,0.9635369368440405
db85cbf2c61b_x,db85cbf2c61b,x,extracted,vertical_bar,vertical_bar,1.0
db85cbf2c61b_y,db85cbf2c61b,y,extracted,vertical_bar,vertical_bar,0.984889640798696
dba2efe0e691_x,dba2efe0e691,x,extracted,vertical_bar,vertical_bar,0.9571690769465517
dba2efe0e691_y,dba2efe0e691,y,extracted,vertical_bar,vertical_bar,0.9418974013152821
dbb28447f09e_x,dbb28447f09e,x,extracted,line,line,0.0
dbb28447f09e_y,dbb28447f09e,y,extracted,line,line,0.0
dbb5678f99e8_x,dbb5678f99e8,x,extracted,vertical_bar,vertical_bar,0.9470193519508472
dbb5678f99e8_y,dbb5678f99e8,y,extracted,vertical_bar,vertical_bar,0.8948446375562309
dc11f7926870_x,dc11f7926870,x,extracted,vertical_bar,vertical_bar,1.0
dc11f7926870_y,dc11f7926870,y,extracted,vertical_bar,vertical_bar,0.8751660261229965
dc171789e1bf_x,dc171789e1bf,x,extracted,horizontal_bar,horizontal_bar,0.21910616089973733
dc171789e1bf_y,dc171789e1bf,y,extracted,horizontal_bar,horizontal_bar,1.0
dcbc1e1cf752_x,dcbc1e1cf752,x,extracted,vertical_bar,vertical_bar,1.0
dcbc1e1cf752_y,dcbc1e1cf752,y,extracted,vertical_bar,vertical_bar,0.9567976224233414
dcdc306c91bf_x,dcdc306c91bf,x,extracted,vertical_bar,vertical_bar,1.0
dcdc306c91bf_y,dcdc306c91bf,y,extracted,vertical_bar,vertical_bar,0.9915016279752489
dd4ca26cdf95_x,dd4ca26cdf95,x,extracted,line,line,1.0
dd4ca26cdf95_y,dd4ca26cdf95,y,extracted,line,line,0.6530993822457636
dd704e59561b_x,dd704e59561b,x,extracted,vertical_bar,vertical_bar,0.642789957748382
dd704e59561b_y,dd704e59561b,y,extracted,vertical_bar,vertical_bar,5.865530283699627e-12
ddc946b0aeb3_x,ddc946b0aeb3,x,extracted,vertical_bar,vertical_bar,1.0
ddc946b0aeb3_y,ddc946b0aeb3,y,extracted,vertical_bar,vertical_bar,1.9463530289698383e-06
ddf2ebfdb4f2_x,ddf2ebfdb4f2,x,extracted,line,line,1.0
ddf2ebfdb4f2_y,ddf2ebfdb4f2,y,extracted,line,line,0.5803941124862215
de5712c165c7_x,de5712c165c7,x,extracted,vertical_bar,vertical_bar,1.0
de5712c165c7_y,de5712c165c7,y,extracted,vertical_bar,vertical_bar,0.9561751882617009
de928cfe5c3b_x,de928cfe5c3b,x,extracted,line,line,1.0
de928cfe5c3b_y,de928cfe5c3b,y,extracted,line,line,0.7801380803661273
deac862d8f0f_x,deac862d8f0f,x,extracted,vertical_bar,vertical_bar,0.641642601649214
deac862d8f0f_y,deac862d8f0f,y,extracted,vertical_bar,vertical_bar,1.0
dec69fa5194d_x,dec69fa5194d,x,extracted,scatter,scatter,0.0
dec69fa5194d_y,dec69fa5194d,y,extracted,scatter,scatter,0.0
dec9dd1c7fa2_x,dec9dd1c7fa2,x,extracted,line,line,1.0
dec9dd1c7fa2_y,dec9dd1c7fa2,y,extracted,line,line,0.0
dedc6679f3ba_x,dedc6679f3ba,x,extracted,vertical_bar,vertical_bar,0.9833348763717613
dedc6679f3ba_y,dedc6679f3ba,y,extracted,vertical_bar,vertical_bar,0.7005578054124746
df9ab3ce8a87_x,df9ab3ce8a87,x,extracted,vertical_bar,vertical_bar,1.0
df9ab3ce8a87_y,df9ab3ce8a87,y,extracted,vertical_bar,vertical_bar,0.0
dfd36a5cdbe8_x,dfd36a5cdbe8,x,extracted,horizontal_bar,horizontal_bar,0.49478533596966456
dfd36a5cdbe8_y,dfd36a5cdbe8,y,extracted,horizontal_bar,horizontal_bar,0.959481654806245
dff542728d89_x,dff542728d89,x,extracted,scatter,scatter,0.0
dff542728d89_y,dff542728d89,y,extracted,scatter,scatter,0.0
dff727cad364_x,dff727cad364,x,extracted,vertical_bar,vertical_bar,0.0
dff727cad364_y,dff727cad364,y,extracted,vertical_bar,vertical_bar,0.0
e006ea0edb81_x,e006ea0edb81,x,extracted,vertical_bar,vertical_bar,0.0
e006ea0edb81_y,e006ea0edb81,y,extracted,vertical_bar,vertical_bar,0.0
e0307d707304_x,e0307d707304,x,extracted,line,line,1.0
e0307d707304_y,e0307d707304,y,extracted,line,line,0.6701263573014382
e030f4b1eaa0_x,e030f4b1eaa0,x,extracted,line,line,1.0
e030f4b1eaa0_y,e030f4b1eaa0,y,extracted,line,line,0.5188843696385645
e0469657ba02_x,e0469657ba02,x,extracted,line,line,1.0
e0469657ba02_y,e0469657ba02,y,extracted,line,line,0.7511422744107326
e053c2f9ecc2_x,e053c2f9ecc2,x,extracted,vertical_bar,vertical_bar,1.0
e053c2f9ecc2_y,e053c2f9ecc2,y,extracted,vertical_bar,vertical_bar,0.8809792489659629
e068a182bb7e_x,e068a182bb7e,x,extracted,line,line,0.9870137171044515
e068a182bb7e_y,e068a182bb7e,y,extracted,line,line,0.8768896923354026
e0b281277125_x,e0b281277125,x,extracted,vertical_bar,vertical_bar,1.0
e0b281277125_y,e0b281277125,y,extracted,vertical_bar,vertical_bar,0.9902272056886838
e0cd25003eb1_x,e0cd25003eb1,x,extracted,line,line,1.0
e0cd25003eb1_y,e0cd25003eb1,y,extracted,line,line,0.7531687240041645
e15b8e3ca203_x,e15b8e3ca203,x,extracted,scatter,scatter,0.0
e15b8e3ca203_y,e15b8e3ca203,y,extracted,scatter,scatter,0.9814920569179557
e1cecdc7fd26_x,e1cecdc7fd26,x,extracted,horizontal_bar,vertical_bar,0.0
e1cecdc7fd26_y,e1cecdc7fd26,y,extracted,horizontal_bar,vertical_bar,0.0
e1e8bb1a2e93_x,e1e8bb1a2e93,x,extracted,line,line,1.0
e1e8bb1a2e93_y,e1e8bb1a2e93,y,extracted,line,line,0.0
e24aef0d56d1_x,e24aef0d56d1,x,extracted,vertical_bar,vertical_bar,1.0
e24aef0d56d1_y,e24aef0d56d1,y,extracted,vertical_bar,vertical_bar,0.9541219501535205
e306cc8920bb_x,e306cc8920bb,x,extracted,vertical_bar,vertical_bar,1.0
e306cc8920bb_y,e306cc8920bb,y,extracted,vertical_bar,vertical_bar,0.9847926908833804
e30cc62e77e9_x,e30cc62e77e9,x,extracted,vertical_bar,vertical_bar,1.0
e30cc62e77e9_y,e30cc62e77e9,y,extracted,vertical_bar,vertical_bar,0.845230471381927
e368f3735933_x,e368f3735933,x,extracted,vertical_bar,vertical_bar,1.0
e368f3735933_y,e368f3735933,y,extracted,vertical_bar,vertical_bar,0.9898410877950292
e36f82f3bebc_x,e36f82f3bebc,x,extracted,vertical_bar,vertical_bar,0.0
e36f82f3bebc_y,e36f82f3bebc,y,extracted,vertical_bar,vertical_bar,0.0
e377581c3ced_x,e377581c3ced,x,extracted,horizontal_bar,horizontal_bar,0.0
e377581c3ced_y,e377581c3ced,y,extracted,horizontal_bar,horizontal_bar,0.672778923603691
e439cf39c647_x,e439cf39c647,x,extracted,line,line,1.0
e439cf39c647_y,e439cf39c647,y,extracted,line,line,0.35376768855094554
e45d441cca57_x,e45d441cca57,x,extracted,line,line,1.0
e45d441cca57_y,e45d441cca57,y,extracted,line,line,0.8267327365628541
e465dce42362_x,e465dce42362,x,extracted,vertical_bar,vertical_bar,1.0
e465dce42362_y,e465dce42362,y,extracted,vertical_bar,vertical_bar,0.31399909542357585
e4b82a9e5214_x,e4b82a9e5214,x,extracted,horizontal_bar,horizontal_bar,0.0
e4b82a9e5214_y,e4b82a9e5214,y,extracted,horizontal_bar,horizontal_bar,0.0
e5ee970d703a_x,e5ee970d703a,x,extracted,line,line,1.0
e5ee970d703a_y,e5ee970d703a,y,extracted,line,line,0.0
e5fc637c3359_x,e5fc637c3359,x,extracted,vertical_bar,vertical_bar,1.0
e5fc637c3359_y,e5fc637c3359,y,extracted,vertical_bar,vertical_bar,0.8934105864419333
e622f3097266_x,e622f3097266,x,extracted,line,line,1.0
e622f3097266_y,e622f3097266,y,extracted,line,line,0.6848612863113523
e67c2c0f0f9f_x,e67c2c0f0f9f,x,extracted,scatter,scatter,0.0
e67c2c0f0f9f_y,e67c2c0f0f9f,y,extracted,scatter,scatter,0.0
e69b4e100adc_x,e69b4e100adc,x,extracted,vertical_bar,vertical_bar,1.0
e69b4e100adc_y,e69b4e100adc,y,extracted,vertical_bar,vertical_bar,0.9633059449313841
e6b4e894a634_x,e6b4e894a634,x,extracted,line,line,0.9791696802252705
e6b4e894a634_y,e6b4e894a634,y,extracted,line,line,0.0
e6bea78193b0_x,e6bea78193b0,x,extracted,vertical_bar,vertical_bar,0.8756469982284039
e6bea78193b0_y,e6bea78193b0,y,extracted,vertical_bar,vertical_bar,0.9786096173058569
e6dbf4caeec0_x,e6dbf4caeec0,x,extracted,scatter,scatter,0.0
e6dbf4caeec0_y,e6dbf4caeec0,y,extracted,scatter,scatter,0.0
e6e02b472bb4_x,e6e02b472bb4,x,extracted,vertical_bar,vertical_bar,0.9651304218833094
e6e02b472bb4_y,e6e02b472bb4,y,extracted,vertical_bar,vertical_bar,0.9633556764290796
e720cd5e3189_x,e720cd5e3189,x,extracted,vertical_bar,vertical_bar,0.992063658694633
e720cd5e3189_y,e720cd5e3189,y,extracted,vertical_bar,vertical_bar,0.9147209922585435
e7225a3fcd82_x,e7225a3fcd82,x,extracted,vertical_bar,vertical_bar,0.0
e7225a3fcd82_y,e7225a3fcd82,y,extracted,vertical_bar,vertical_bar,0.0
e72dfa00d23f_x,e72dfa00d23f,x,extracted,horizontal_bar,horizontal_bar,0.0
e72dfa00d23f_y,e72dfa00d23f,y,extracted,horizontal_bar,horizontal_bar,0.0
e75681cc9e35_x,e75681cc9e35,x,extracted,line,line,0.0
e75681cc9e35_y,e75681cc9e35,y,extracted,line,line,0.0
e7fef7a144e7_x,e7fef7a144e7,x,extracted,scatter,scatter,1.0
e7fef7a144e7_y,e7fef7a144e7,y,extracted,scatter,scatter,0.0
e81dedc68aee_x,e81dedc68aee,x,extracted,vertical_bar,vertical_bar,1.0
e81dedc68aee_y,e81dedc68aee,y,extracted,vertical_bar,vertical_bar,0.0
e828c1019925_x,e828c1019925,x,extracted,line,line,1.0
e828c1019925_y,e828c1019925,y,extracted,line,line,0.720850445820413
e832d98c37b2_x,e832d98c37b2,x,extracted,line,line,1.0
e832d98c37b2_y,e832d98c37b2,y,extracted,line,line,0.0018349400339903177
e842f47b7ca3_x,e842f47b7ca3,x,extracted,vertical_bar,vertical_bar,1.0
e842f47b7ca3_y,e842f47b7ca3,y,extracted,vertical_bar,vertical_bar,0.9808231165428289
e851131397e0_x,e851131397e0,x,extracted,vertical_bar,vertical_bar,1.0
e851131397e0_y,e851131397e0,y,extracted,vertical_bar,vertical_bar,0.9819533452714584
e85f13f6c2e4_x,e85f13f6c2e4,x,extracted,line,line,0.0
e85f13f6c2e4_y,e85f13f6c2e4,y,extracted,line,line,0.0
e862ee61674f_x,e862ee61674f,x,extracted,scatter,scatter,0.0
e862ee61674f_y,e862ee61674f,y,extracted,scatter,scatter,0.0
e8a13c21f1ca_x,e8a13c21f1ca,x,extracted,vertical_bar,vertical_bar,0.8789745197521681
e8a13c21f1ca_y,e8a13c21f1ca,y,extracted,vertical_bar,vertical_bar,0.9826625199356123
e8d078662348_x,e8d078662348,x,extracted,vertical_bar,vertical_bar,0.0
e8d078662348_y,e8d078662348,y,extracted,vertical_bar,vertical_bar,0.0
e93bed1228d6_x,e93bed1228d6,x,extracted,scatter,scatter,0.0
e93bed1228d6_y,e93bed1228d6,y,extracted,scatter,scatter,0.16473124623372337
e95671475cf0_x,e95671475cf0,x,extracted,vertical_bar,vertical_bar,0.8756469982284039
e95671475cf0_y,e95671475cf0,y,extracted,vertical_bar,vertical_bar,0.0
e9585d79bdbe_x,e9585d79bdbe,x,extracted,line,line,1.0
e9585d79bdbe_y,e9585d79bdbe,y,extracted,line,line,0.7556009679457456
e9585f22af8b_x,e9585f22af8b,x,extracted,line,line,1.0
e9585f22af8b_y,e9585f22af8b,y,extracted,line,line,0.9637703746623598
ea593ed0d946_x,ea593ed0d946,x,extracted,vertical_bar,vertical_bar,1.0
ea593ed0d946_y,ea593ed0d946,y,extracted,vertical_bar,vertical_bar,0.9910075363823514
ea65a360cf1f_x,ea65a360cf1f,x,extracted,horizontal_bar,horizontal_bar,0.0
ea65a360cf1f_y,ea65a360cf1f,y,extracted,horizontal_bar,horizontal_bar,0.0
ea8be455683a_x,ea8be455683a,x,extracted,line,line,0.9886368527483398
ea8be455683a_y,ea8be455683a,y,extracted,line,line,7.864819906444609e-13
ea94c076ae17_x,ea94c076ae17,x,extracted,vertical_bar,vertical_bar,0.0
ea94c076ae17_y,ea94c076ae17,y,extracted,vertical_bar,vertical_bar,0.9407122629221167
eaebe1041e44_x,eaebe1041e44,x,extracted,vertical_bar,vertical_bar,1.0
eaebe1041e44_y,eaebe1041e44,y,extracted,vertical_bar,vertical_bar,0.9768489975642818
eaf3f734b5ce_x,eaf3f734b5ce,x,extracted,line,line,1.0
eaf3f734b5ce_y,eaf3f734b5ce,y,extracted,line,line,0.0
ebc368b17b7a_x,ebc368b17b7a,x,extracted,scatter,scatter,0.0
ebc368b17b7a_y,ebc368b17b7a,y,extracted,scatter,scatter,0.0
ebd64f2930d8_x,ebd64f2930d8,x,extracted,vertical_bar,vertical_bar,1.0
ebd64f2930d8_y,ebd64f2930d8,y,extracted,vertical_bar,vertical_bar,0.43246830501333267
ebe234347886_x,ebe234347886,x,extracted,vertical_bar,vertical_bar,1.0
ebe234347886_y,ebe234347886,y,extracted,vertical_bar,vertical_bar,0.9965365217548647
ec25847958f1_x,ec25847958f1,x,extracted,line,line,1.0
ec25847958f1_y,ec25847958f1,y,extracted,line,line,0.0
ec865cd6e23b_x,ec865cd6e23b,x,extracted,vertical_bar,vertical_bar,1.0
ec865cd6e23b_y,ec865cd6e23b,y,extracted,vertical_bar,vertical_bar,0.9671774366577159
ecdbe9ddd833_x,ecdbe9ddd833,x,extracted,line,line,0.5675900026772602
ecdbe9ddd833_y,ecdbe9ddd833,y,extracted,line,line,0.8611219891591462
ecf312be5365_x,ecf312be5365,x,extracted,vertical_bar,vertical_bar,1.0
ecf312be5365_y,ecf312be5365,y,extracted,vertical_bar,vertical_bar,1.0
ed34016bed73_x,ed34016bed73,x,extracted,vertical_bar,vertical_bar,0.8805727014656142
ed34016bed73_y,ed34016bed73,y,extracted,vertical_bar,vertical_bar,0.0
ed4a7c1f1267_x,ed4a7c1f1267,x,extracted,horizontal_bar,horizontal_bar,0.0
ed4a7c1f1267_y,ed4a7c1f1267,y,extracted,horizontal_bar,horizontal_bar,0.0
ed7741523fef_x,ed7741523fef,x,extracted,vertical_bar,vertical_bar,1.0
ed7741523fef_y,ed7741523fef,y,extracted,vertical_bar,vertical_bar,0.0
ef0755c4a8fc_x,ef0755c4a8fc,x,extracted,vertical_bar,vertical_bar,1.0
ef0755c4a8fc_y,ef0755c4a8fc,y,extracted,vertical_bar,vertical_bar,0.9964634459613007
ef327fad7d34_x,ef327fad7d34,x,extracted,line,line,1.0
ef327fad7d34_y,ef327fad7d34,y,extracted,line,line,0.9768002842048673
ef70aa76f3c3_x,ef70aa76f3c3,x,extracted,vertical_bar,vertical_bar,0.641642601649214
ef70aa76f3c3_y,ef70aa76f3c3,y,extracted,vertical_bar,vertical_bar,0.9841133023936868
ef7c4597707b_x,ef7c4597707b,x,extracted,vertical_bar,vertical_bar,1.0
ef7c4597707b_y,ef7c4597707b,y,extracted,vertical_bar,vertical_bar,1.0
efd7c9e7e7cb_x,efd7c9e7e7cb,x,extracted,scatter,scatter,0.0
efd7c9e7e7cb_y,efd7c9e7e7cb,y,extracted,scatter,scatter,0.0
f04a977279c2_x,f04a977279c2,x,extracted,line,line,1.0
f04a977279c2_y,f04a977279c2,y,extracted,line,line,0.0
f09c747d0489_x,f09c747d0489,x,extracted,line,line,1.0
f09c747d0489_y,f09c747d0489,y,extracted,line,line,1.3322676295501878e-14
f0ee6a02ebf7_x,f0ee6a02ebf7,x,extracted,horizontal_bar,horizontal_bar,0.6708454574074476
f0ee6a02ebf7_y,f0ee6a02ebf7,y,extracted,horizontal_bar,horizontal_bar,0.9886368527483398
f0f024213557_x,f0f024213557,x,extracted,vertical_bar,vertical_bar,0.0
f0f024213557_y,f0f024213557,y,extracted,vertical_bar,vertical_bar,0.0
f139abfed145_x,f139abfed145,x,extracted,horizontal_bar,horizontal_bar,1.0
f139abfed145_y,f139abfed145,y,extracted,horizontal_bar,horizontal_bar,0.0
f1b60f26a69c_x,f1b60f26a69c,x,extracted,line,line,1.0
f1b60f26a69c_y,f1b60f26a69c,y,extracted,line,line,0.9491741360409065
f2af466dc6fd_x,f2af466dc6fd,x,extracted,line,line,1.0
f2af466dc6fd_y,f2af466dc6fd,y,extracted,line,line,0.0
f31edde33a2c_x,f31edde33a2c,x,extracted,line,line,0.0
f31edde33a2c_y,f31edde33a2c,y,extracted,line,line,0.0
f3297792213c_x,f3297792213c,x,extracted,line,line,1.0
f3297792213c_y,f3297792213c,y,extracted,line,line,0.9925266478446679
f348662cedeb_x,f348662cedeb,x,extracted,line,line,1.0
f348662cedeb_y,f348662cedeb,y,extracted,line,line,0.9777594066492332
f3df28f1d4b0_x,f3df28f1d4b0,x,extracted,horizontal_bar,horizontal_bar,0.0
f3df28f1d4b0_y,f3df28f1d4b0,y,extracted,horizontal_bar,horizontal_bar,0.0
f3f68649a564_x,f3f68649a564,x,extracted,line,line,1.0
f3f68649a564_y,f3f68649a564,y,extracted,line,line,0.8692882056575892
f3f7d3f160aa_x,f3f7d3f160aa,x,extracted,scatter,scatter,0.0
f3f7d3f160aa_y,f3f7d3f160aa,y,extracted,scatter,scatter,0.8063232737375536
f4861d3c8f55_x,f4861d3c8f55,x,extracted,vertical_bar,vertical_bar,1.0
f4861d3c8f55_y,f4861d3c8f55,y,extracted,vertical_bar,vertical_bar,0.9679319889807432
f4b756c61637_x,f4b756c61637,x,extracted,vertical_bar,vertical_bar,1.0
f4b756c61637_y,f4b756c61637,y,extracted,vertical_bar,vertical_bar,5.476704934004317e-08
f59728c8bb89_x,f59728c8bb89,x,extracted,vertical_bar,vertical_bar,1.0
f59728c8bb89_y,f59728c8bb89,y,extracted,vertical_bar,vertical_bar,0.9863720009250889
f5a2982034b6_x,f5a2982034b6,x,extracted,scatter,scatter,0.0
f5a2982034b6_y,f5a2982034b6,y,extracted,scatter,scatter,0.0
f660c764e91b_x,f660c764e91b,x,extracted,line,line,1.0
f660c764e91b_y,f660c764e91b,y,extracted,line,line,0.0
f676ba0a1a3e_x,f676ba0a1a3e,x,extracted,line,line,0.0
f676ba0a1a3e_y,f676ba0a1a3e,y,extracted,line,line,0.0
f6811313336b_x,f6811313336b,x,extracted,scatter,scatter,0.0
f6811313336b_y,f6811313336b,y,extracted,scatter,scatter,0.0
f74f8b586f73_x,f74f8b586f73,x,extracted,horizontal_bar,horizontal_bar,0.0
f74f8b586f73_y,f74f8b586f73,y,extracted,horizontal_bar,horizontal_bar,0.0
f7699b88af43_x,f7699b88af43,x,extracted,vertical_bar,vertical_bar,0.5995015833804282
f7699b88af43_y,f7699b88af43,y,extracted,vertical_bar,vertical_bar,0.9840045433659674
f7bac5436b90_x,f7bac5436b90,x,extracted,line,line,1.0
f7bac5436b90_y,f7bac5436b90,y,extracted,line,line,0.838609094870824
f7c5e9ce3f65_x,f7c5e9ce3f65,x,extracted,line,line,0.742753161568654
f7c5e9ce3f65_y,f7c5e9ce3f65,y,extracted,line,line,0.15411659888447304
f7e6da7575cb_x,f7e6da7575cb,x,extracted,vertical_bar,vertical_bar,1.0
f7e6da7575cb_y,f7e6da7575cb,y,extracted,vertical_bar,vertical_bar,0.870939669730717
f7e7e0f55152_x,f7e7e0f55152,x,extracted,line,line,1.0
f7e7e0f55152_y,f7e7e0f55152,y,extracted,line,line,0.0
f8563b8c6549_x,f8563b8c6549,x,extracted,line,line,0.0
f8563b8c6549_y,f8563b8c6549,y,extracted,line,line,0.0
f85bb9a1a051_x,f85bb9a1a051,x,extracted,scatter,scatter,1.0
f85bb9a1a051_y,f85bb9a1a051,y,extracted,scatter,scatter,0.9588538952809296
f89032064933_x,f89032064933,x,extracted,vertical_bar,vertical_bar,1.0
f89032064933_y,f89032064933,y,extracted,vertical_bar,vertical_bar,1.0
f898a37f5430_x,f898a37f5430,x,extracted,vertical_bar,vertical_bar,0.0
f898a37f5430_y,f898a37f5430,y,extracted,vertical_bar,vertical_bar,0.0
f9014eac1620_x,f9014eac1620,x,extracted,vertical_bar,vertical_bar,0.9535218831188681
f9014eac1620_y,f9014eac1620,y,extracted,vertical_bar,vertical_bar,0.9910204839207795
f9ccd77d00b0_x,f9ccd77d00b0,x,extracted,vertical_bar,vertical_bar,1.0
f9ccd77d00b0_y,f9ccd77d00b0,y,extracted,vertical_bar,vertical_bar,1.0
fa0caaf5cfbb_x,fa0caaf5cfbb,x,extracted,vertical_bar,vertical_bar,0.0
fa0caaf5cfbb_y,fa0caaf5cfbb,y,extracted,vertical_bar,vertical_bar,0.0
fa182ca3d747_x,fa182ca3d747,x,extracted,vertical_bar,vertical_bar,1.0
fa182ca3d747_y,fa182ca3d747,y,extracted,vertical_bar,vertical_bar,0.9517011446371688
fa18c7160e74_x,fa18c7160e74,x,extracted,vertical_bar,vertical_bar,0.0
fa18c7160e74_y,fa18c7160e74,y,extracted,vertical_bar,vertical_bar,0.0
fa364e04c7f7_x,fa364e04c7f7,x,extracted,line,line,0.0
fa364e04c7f7_y,fa364e04c7f7,y,extracted,line,line,0.0
face3ef7a262_x,face3ef7a262,x,extracted,vertical_bar,vertical_bar,1.0
face3ef7a262_y,face3ef7a262,y,extracted,vertical_bar,vertical_bar,0.0
faf7715244d3_x,faf7715244d3,x,extracted,line,line,0.0
faf7715244d3_y,faf7715244d3,y,extracted,line,line,0.0
fb7f90a0c040_x,fb7f90a0c040,x,extracted,vertical_bar,vertical_bar,0.9941177149050926
fb7f90a0c040_y,fb7f90a0c040,y,extracted,vertical_bar,vertical_bar,0.9707734821235952
fbad72f7acbd_x,fbad72f7acbd,x,extracted,scatter,scatter,1.0
fbad72f7acbd_y,fbad72f7acbd,y,extracted,scatter,scatter,0.0
fbf4820dc2c1_x,fbf4820dc2c1,x,extracted,line,line,0.0
fbf4820dc2c1_y,fbf4820dc2c1,y,extracted,line,line,0.11962486831444497
fc30beadd9ac_x,fc30beadd9ac,x,extracted,line,line,1.0
fc30beadd9ac_y,fc30beadd9ac,y,extracted,line,line,0.0
fc5779de7efe_x,fc5779de7efe,x,extracted,vertical_bar,vertical_bar,1.0
fc5779de7efe_y,fc5779de7efe,y,extracted,vertical_bar,vertical_bar,0.0
fc908893d0cb_x,fc908893d0cb,x,extracted,vertical_bar,vertical_bar,0.5839900790829156
fc908893d0cb_y,fc908893d0cb,y,extracted,vertical_bar,vertical_bar,0.8422441817374049
fcb7801cf77e_x,fcb7801cf77e,x,extracted,line,line,1.0
fcb7801cf77e_y,fcb7801cf77e,y,extracted,line,line,0.3119080058006338
fd16f4c0f8dd_x,fd16f4c0f8dd,x,extracted,vertical_bar,vertical_bar,0.0
fd16f4c0f8dd_y,fd16f4c0f8dd,y,extracted,vertical_bar,vertical_bar,0.0
fd5231b00f77_x,fd5231b00f77,x,extracted,vertical_bar,vertical_bar,0.0
fd5231b00f77_y,fd5231b00f77,y,extracted,vertical_bar,vertical_bar,0.0
fd832727f987_x,fd832727f987,x,extracted,vertical_bar,vertical_bar,1.0
fd832727f987_y,fd832727f987,y,extracted,vertical_bar,vertical_bar,0.6341029572642625
fdbf6bd1aefc_x,fdbf6bd1aefc,x,extracted,scatter,scatter,0.0
fdbf6bd1aefc_y,fdbf6bd1aefc,y,extracted,scatter,scatter,0.8130900984806793
fdc0ea8c820e_x,fdc0ea8c820e,x,extracted,line,line,1.0
fdc0ea8c820e_y,fdc0ea8c820e,y,extracted,line,line,0.9328488070189755
fdc8e5c9ca09_x,fdc8e5c9ca09,x,extracted,horizontal_bar,horizontal_bar,0.0
fdc8e5c9ca09_y,fdc8e5c9ca09,y,extracted,horizontal_bar,horizontal_bar,0.0
fde797da17a1_x,fde797da17a1,x,extracted,horizontal_bar,horizontal_bar,0.3550913932072304
fde797da17a1_y,fde797da17a1,y,extracted,horizontal_bar,horizontal_bar,0.0
fe062585c3c0_x,fe062585c3c0,x,extracted,scatter,scatter,0.0
fe062585c3c0_y,fe062585c3c0,y,extracted,scatter,scatter,0.0
fe1361d22e0a_x,fe1361d22e0a,x,extracted,vertical_bar,vertical_bar,1.0
fe1361d22e0a_y,fe1361d22e0a,y,extracted,vertical_bar,vertical_bar,0.0
fe3ad00bb48d_x,fe3ad00bb48d,x,extracted,line,line,1.0
fe3ad00bb48d_y,fe3ad00bb48d,y,extracted,line,line,0.9315561158869679
feaf96b0be5b_x,feaf96b0be5b,x,extracted,line,line,0.0
feaf96b0be5b_y,feaf96b0be5b,y,extracted,line,line,0.0
feeae5de34c6_x,feeae5de34c6,x,extracted,line,line,1.0
feeae5de34c6_y,feeae5de34c6,y,extracted,line,line,0.23882613678867948
ff02f480a5e3_x,ff02f480a5e3,x,extracted,horizontal_bar,horizontal_bar,0.0
ff02f480a5e3_y,ff02f480a5e3,y,extracted,horizontal_bar,horizontal_bar,0.0
ff8f1773f9fa_x,ff8f1773f9fa,x,extracted,vertical_bar,vertical_bar,0.5826783499411288
ff8f1773f9fa_y,ff8f1773f9fa,y,extracted,vertical_bar,vertical_bar,1.0
ffab26eb0a3b_x,ffab26eb0a3b,x,extracted,vertical_bar,vertical_bar,1.0
ffab26eb0a3b_y,ffab26eb0a3b,y,extracted,vertical_bar,vertical_bar,0.0
fff5ca7bd414_x,fff5ca7bd414,x,extracted,vertical_bar,vertical_bar,1.0
fff5ca7bd414_y,fff5ca7bd414,y,extracted,vertical_bar,vertical_bar,0.9772645284966985
